model,fold,row_id,outcome,score
J48,1,4,1,0.7403314917127072
J48,1,23,1,0.7403314917127072
J48,1,39,1,0.7
J48,1,41,0,0.7403314917127072
J48,1,63,0,0.09375
J48,1,75,0,0.01020408163265306
J48,1,78,1,0.7567567567567568
J48,1,87,0,0.2702702702702703
J48,1,100,1,0.8852459016393442
J48,1,108,0,0.08823529411764706
J48,1,111,1,0.8852459016393442
J48,1,113,0,0.08823529411764706
J48,1,126,0,0.7403314917127072
J48,1,128,1,0.7
J48,1,145,0,0.2702702702702703
J48,1,146,0,0.08823529411764706
J48,1,147,0,0.7
J48,1,164,1,0.7403314917127072
J48,1,171,1,0.7403314917127072
J48,1,172,0,0.08823529411764706
J48,1,192,1,0.8852459016393442
J48,1,202,0,0.2702702702702703
J48,1,233,0,0.7403314917127072
J48,1,248,0,0.7403314917127072
J48,1,254,1,0.08823529411764706
J48,1,256,0,0.2702702702702703
J48,1,274,0,0.7647058823529411
J48,1,286,0,0.8852459016393442
J48,1,300,1,0.8852459016393442
J48,1,305,0,0.7403314917127072
J48,1,307,0,0.09375
J48,1,320,0,0.7403314917127072
J48,1,323,1,0.7403314917127072
J48,1,335,0,0.8852459016393442
J48,1,360,1,0.8852459016393442
J48,1,369,1,0.7403314917127072
J48,1,371,0,0.20833333333333334
J48,1,395,0,0.20833333333333334
J48,1,399,1,0.8852459016393442
J48,1,408,1,0.8852459016393442
J48,1,416,0,0.2702702702702703
J48,1,418,0,0.01020408163265306
J48,1,420,0,0.38461538461538464
J48,1,437,0,0.7567567567567568
J48,1,453,0,0.09375
J48,1,456,0,0.7403314917127072
J48,1,476,1,0.2702702702702703
J48,1,488,0,0.01020408163265306
J48,1,495,0,0.8852459016393442
J48,1,525,0,0.01020408163265306
J48,1,529,0,0.01020408163265306
J48,1,539,1,0.7403314917127072
J48,1,571,0,0.09375
J48,1,573,0,0.2702702702702703
J48,1,576,0,0.01020408163265306
J48,1,582,0,0.7403314917127072
J48,1,584,1,0.7403314917127072
J48,1,587,0,0.01020408163265306
J48,1,611,1,0.8852459016393442
J48,1,612,1,0.8852459016393442
J48,1,621,0,0.01020408163265306
J48,1,630,1,0.7647058823529411
J48,1,639,0,0.01020408163265306
J48,1,644,0,0.2702702702702703
J48,1,649,0,0.01020408163265306
J48,1,653,0,0.7567567567567568
J48,1,654,0,0.2702702702702703
J48,1,657,0,0.7403314917127072
J48,1,658,0,0.7403314917127072
J48,1,675,1,0.8852459016393442
J48,1,677,0,0.08823529411764706
J48,1,687,0,0.2702702702702703
J48,1,692,0,0.38461538461538464
J48,1,700,0,0.20833333333333334
J48,1,701,1,0.7403314917127072
J48,1,732,1,0.8852459016393442
J48,1,755,1,0.7403314917127072
Naive Bayes,1,4,1,0.8486030644511411
Naive Bayes,1,23,1,0.61905490395039
Naive Bayes,1,39,1,0.9624187446165342
Naive Bayes,1,41,0,0.9232704263775862
Naive Bayes,1,63,0,0.38963911778458415
Naive Bayes,1,75,0,0.007566275254538467
Naive Bayes,1,78,1,0.5996726145944973
Naive Bayes,1,87,0,0.03501180049944364
Naive Bayes,1,100,1,0.9804391555456115
Naive Bayes,1,108,0,0.014355920242187785
Naive Bayes,1,111,1,0.9511975978329422
Naive Bayes,1,113,0,0.07251570815385286
Naive Bayes,1,126,0,0.7342309808455562
Naive Bayes,1,128,1,0.5300810808700155
Naive Bayes,1,145,0,0.08932379740460464
Naive Bayes,1,146,0,0.3911310224302055
Naive Bayes,1,147,0,0.5714815351399005
Naive Bayes,1,164,1,0.6193390817131251
Naive Bayes,1,171,1,0.6760343646003223
Naive Bayes,1,172,0,0.06729736419884302
Naive Bayes,1,192,1,0.8589206180385348
Naive Bayes,1,202,0,0.0845883057098166
Naive Bayes,1,233,0,0.417491384043166
Naive Bayes,1,248,0,0.8727026865564221
Naive Bayes,1,254,1,0.44311503523056284
Naive Bayes,1,256,0,0.18757060079576282
Naive Bayes,1,274,0,0.9149282047526482
Naive Bayes,1,286,0,0.9752853192907559
Naive Bayes,1,300,1,0.9126336572037314
Naive Bayes,1,305,0,0.24289786363506424
Naive Bayes,1,307,0,0.03876509314479725
Naive Bayes,1,320,0,0.08087647508715473
Naive Bayes,1,323,1,0.9449127629096575
Naive Bayes,1,335,0,0.9717141366736106
Naive Bayes,1,360,1,0.9823136593546368
Naive Bayes,1,369,1,0.726527872832423
Naive Bayes,1,371,0,0.09230319342709974
Naive Bayes,1,395,0,0.46514409965127507
Naive Bayes,1,399,1,0.9689703016804567
Naive Bayes,1,408,1,0.9976044956081677
Naive Bayes,1,416,0,0.09538953055653919
Naive Bayes,1,418,0,0.01577970985551312
Naive Bayes,1,420,0,0.8165790426381446
Naive Bayes,1,437,0,0.6596263195469674
Naive Bayes,1,453,0,0.38286587019766144
Naive Bayes,1,456,0,0.47971987342086314
Naive Bayes,1,476,1,0.5798081054402835
Naive Bayes,1,488,0,0.019969113063381342
Naive Bayes,1,495,0,0.9398063459189163
Naive Bayes,1,525,0,0.00380370542132946
Naive Bayes,1,529,0,0.11186622348474322
Naive Bayes,1,539,1,0.930010282978258
Naive Bayes,1,571,0,0.12532289772084335
Naive Bayes,1,573,0,0.019637281561379102
Naive Bayes,1,576,0,0.04818746964334101
Naive Bayes,1,582,0,0.6601945144609864
Naive Bayes,1,584,1,0.8263519223402813
Naive Bayes,1,587,0,0.09148753403629924
Naive Bayes,1,611,1,0.8812880664140429
Naive Bayes,1,612,1,0.9956873710222043
Naive Bayes,1,621,0,0.10169437477754331
Naive Bayes,1,630,1,0.3963374199265924
Naive Bayes,1,639,0,0.0007614595243864888
Naive Bayes,1,644,0,0.2862976942907725
Naive Bayes,1,649,0,0.02802597114523208
Naive Bayes,1,653,0,0.08159619772739433
Naive Bayes,1,654,0,0.20884260191804577
Naive Bayes,1,657,0,0.9591426851877118
Naive Bayes,1,658,0,0.9552444891164308
Naive Bayes,1,675,1,0.9785244869762989
Naive Bayes,1,677,0,0.08066219245712491
Naive Bayes,1,687,0,0.01256346561633302
Naive Bayes,1,692,0,0.2734158455996146
Naive Bayes,1,700,0,0.5332140863541593
Naive Bayes,1,701,1,0.6853726530608376
Naive Bayes,1,732,1,0.9813727532952525
Naive Bayes,1,755,1,0.8209806814913762
Logistic Regression,1,4,1,0.8999685189558485
Logistic Regression,1,23,1,0.4318042883161318
Logistic Regression,1,39,1,0.667895178047594
Logistic Regression,1,41,0,0.7927679031238747
Logistic Regression,1,63,0,0.4406635283546157
Logistic Regression,1,75,0,0.17217115473365652
Logistic Regression,1,78,1,0.6253946620937008
Logistic Regression,1,87,0,0.32285059741232286
Logistic Regression,1,100,1,0.8772759361123412
Logistic Regression,1,108,0,0.1841916889859981
Logistic Regression,1,111,1,0.8507641468429684
Logistic Regression,1,113,0,0.15025990060055489
Logistic Regression,1,126,0,0.6451174048261356
Logistic Regression,1,128,1,0.34582299592460103
Logistic Regression,1,145,0,0.17754617447637158
Logistic Regression,1,146,0,0.11453267096142183
Logistic Regression,1,147,0,0.3624355155141857
Logistic Regression,1,164,1,0.39268386176169867
Logistic Regression,1,171,1,0.6762542292990672
Logistic Regression,1,172,0,0.12080597841769998
Logistic Regression,1,192,1,0.7968872348940415
Logistic Regression,1,202,0,0.18771053375701013
Logistic Regression,1,233,0,0.5033069158108182
Logistic Regression,1,248,0,0.6339378149216166
Logistic Regression,1,254,1,0.3873329333746983
Logistic Regression,1,256,0,0.33242408904129983
Logistic Regression,1,274,0,0.6517308717461268
Logistic Regression,1,286,0,0.8187367945513554
Logistic Regression,1,300,1,0.7540395690625885
Logistic Regression,1,305,0,0.5050058472123735
Logistic Regression,1,307,0,0.2338692500882403
Logistic Regression,1,320,0,0.40497619380461586
Logistic Regression,1,323,1,0.8227466268633278
Logistic Regression,1,335,0,0.8921445765023847
Logistic Regression,1,360,1,0.9021679853968485
Logistic Regression,1,369,1,0.4082057025743895
Logistic Regression,1,371,0,0.4428942461193848
Logistic Regression,1,395,0,0.45911471987259483
Logistic Regression,1,399,1,0.9083789269798512
Logistic Regression,1,408,1,0.9420770284498503
Logistic Regression,1,416,0,0.14884193607814827
Logistic Regression,1,418,0,0.037635944061199654
Logistic Regression,1,420,0,0.5883160926007721
Logistic Regression,1,437,0,0.6154846708315149
Logistic Regression,1,453,0,0.27431211032178054
Logistic Regression,1,456,0,0.5349597827817935
Logistic Regression,1,476,1,0.2894018486582403
Logistic Regression,1,488,0,0.13447995518683192
Logistic Regression,1,495,0,0.8113541420793389
Logistic Regression,1,525,0,0.06531460419594473
Logistic Regression,1,529,0,0.16409754185413652
Logistic Regression,1,539,1,0.602040508755651
Logistic Regression,1,571,0,0.16890714885598657
Logistic Regression,1,573,0,0.22004036600559013
Logistic Regression,1,576,0,0.3133898496465462
Logistic Regression,1,582,0,0.584481318069625
Logistic Regression,1,584,1,0.5166116108585487
Logistic Regression,1,587,0,0.180347038115802
Logistic Regression,1,611,1,0.8606226160293229
Logistic Regression,1,612,1,0.9166673674239054
Logistic Regression,1,621,0,0.1430105170996271
Logistic Regression,1,630,1,0.409087369766459
Logistic Regression,1,639,0,0.05619717875790396
Logistic Regression,1,644,0,0.1972826237705611
Logistic Regression,1,649,0,0.1248232544636604
Logistic Regression,1,653,0,0.2866950658097577
Logistic Regression,1,654,0,0.2236875166989083
Logistic Regression,1,657,0,0.6073233906530388
Logistic Regression,1,658,0,0.7638044295176869
Logistic Regression,1,675,1,0.9206566898859349
Logistic Regression,1,677,0,0.18328887203094893
Logistic Regression,1,687,0,0.1895460408536817
Logistic Regression,1,692,0,0.5757538030960111
Logistic Regression,1,700,0,0.43435130721137694
Logistic Regression,1,701,1,0.48109336153429394
Logistic Regression,1,732,1,0.9188930303744149
Logistic Regression,1,755,1,0.5771776009643683
J48 reference,1,4,1,0.5742574257425742
J48 reference,1,23,1,0.07142857142857142
J48 reference,1,39,1,0.875
J48 reference,1,41,0,0.5742574257425742
J48 reference,1,63,0,0.2222222222222222
J48 reference,1,75,0,0.009009009009009009
J48 reference,1,78,1,0.5742574257425742
J48 reference,1,87,0,0.12790697674418605
J48 reference,1,100,1,0.8636363636363636
J48 reference,1,108,0,0.12790697674418605
J48 reference,1,111,1,0.8636363636363636
J48 reference,1,113,0,0.12790697674418605
J48 reference,1,126,0,0.7021276595744681
J48 reference,1,128,1,0.1
J48 reference,1,145,0,0.12790697674418605
J48 reference,1,146,0,0.047619047619047616
J48 reference,1,147,0,0.0
J48 reference,1,164,1,0.5742574257425742
J48 reference,1,171,1,0.5742574257425742
J48 reference,1,172,0,0.12790697674418605
J48 reference,1,192,1,0.8636363636363636
J48 reference,1,202,0,0.0
J48 reference,1,233,0,0.7021276595744681
J48 reference,1,248,0,0.07142857142857142
J48 reference,1,254,1,1.0
J48 reference,1,256,0,0.0
J48 reference,1,274,0,0.7021276595744681
J48 reference,1,286,0,0.8636363636363636
J48 reference,1,300,1,0.8636363636363636
J48 reference,1,305,0,0.07142857142857142
J48 reference,1,307,0,0.2222222222222222
J48 reference,1,320,0,0.2222222222222222
J48 reference,1,323,1,0.2222222222222222
J48 reference,1,335,0,0.8636363636363636
J48 reference,1,360,1,0.8636363636363636
J48 reference,1,369,1,0.5742574257425742
J48 reference,1,371,0,0.12790697674418605
J48 reference,1,395,0,0.12790697674418605
J48 reference,1,399,1,0.8636363636363636
J48 reference,1,408,1,0.16666666666666666
J48 reference,1,416,0,0.12790697674418605
J48 reference,1,418,0,0.009009009009009009
J48 reference,1,420,0,0.12790697674418605
J48 reference,1,437,0,0.2222222222222222
J48 reference,1,453,0,0.009009009009009009
J48 reference,1,456,0,0.2222222222222222
J48 reference,1,476,1,0.875
J48 reference,1,488,0,0.009009009009009009
J48 reference,1,495,0,0.16666666666666666
J48 reference,1,525,0,0.009009009009009009
J48 reference,1,529,0,0.009009009009009009
J48 reference,1,539,1,0.5742574257425742
J48 reference,1,571,0,0.2222222222222222
J48 reference,1,573,0,0.12790697674418605
J48 reference,1,576,0,0.009009009009009009
J48 reference,1,582,0,0.0
J48 reference,1,584,1,1.0
J48 reference,1,587,0,0.009009009009009009
J48 reference,1,611,1,0.8636363636363636
J48 reference,1,612,1,0.8636363636363636
J48 reference,1,621,0,0.009009009009009009
J48 reference,1,630,1,1.0
J48 reference,1,639,0,0.009009009009009009
J48 reference,1,644,0,0.12790697674418605
J48 reference,1,649,0,0.009009009009009009
J48 reference,1,653,0,0.12790697674418605
J48 reference,1,654,0,0.12790697674418605
J48 reference,1,657,0,0.875
J48 reference,1,658,0,0.1
J48 reference,1,675,1,0.8636363636363636
J48 reference,1,677,0,0.12790697674418605
J48 reference,1,687,0,0.7021276595744681
J48 reference,1,692,0,0.12790697674418605
J48 reference,1,700,0,0.12790697674418605
J48 reference,1,701,1,1.0
J48 reference,1,732,1,0.8636363636363636
J48 reference,1,755,1,0.5742574257425742
J48 zeros untreated,1,4,1,0.9166666666666666
J48 zeros untreated,1,23,1,0.6666666666666666
J48 zeros untreated,1,39,1,0.6666666666666666
J48 zeros untreated,1,41,0,0.7
J48 zeros untreated,1,63,0,0.16666666666666666
J48 zeros untreated,1,75,0,0.025210084033613446
J48 zeros untreated,1,78,1,0.9166666666666666
J48 zeros untreated,1,87,0,0.13253012048192772
J48 zeros untreated,1,100,1,0.8620689655172413
J48 zeros untreated,1,108,0,0.13253012048192772
J48 zeros untreated,1,111,1,0.8620689655172413
J48 zeros untreated,1,113,0,0.13253012048192772
J48 zeros untreated,1,126,0,0.6666666666666666
J48 zeros untreated,1,128,1,0.0625
J48 zeros untreated,1,145,0,0.025210084033613446
J48 zeros untreated,1,146,0,0.16981132075471697
J48 zeros untreated,1,147,0,0.6666666666666666
J48 zeros untreated,1,164,1,0.7
J48 zeros untreated,1,171,1,0.3157894736842105
J48 zeros untreated,1,172,0,0.13253012048192772
J48 zeros untreated,1,192,1,0.8620689655172413
J48 zeros untreated,1,202,0,0.6666666666666666
J48 zeros untreated,1,233,0,0.6666666666666666
J48 zeros untreated,1,248,0,0.6666666666666666
J48 zeros untreated,1,254,1,0.16981132075471697
J48 zeros untreated,1,256,0,0.6666666666666666
J48 zeros untreated,1,274,0,0.6666666666666666
J48 zeros untreated,1,286,0,0.8620689655172413
J48 zeros untreated,1,300,1,0.8620689655172413
J48 zeros untreated,1,305,0,0.6666666666666666
J48 zeros untreated,1,307,0,0.16666666666666666
J48 zeros untreated,1,320,0,0.16666666666666666
J48 zeros untreated,1,323,1,0.0
J48 zeros untreated,1,335,0,0.8620689655172413
J48 zeros untreated,1,360,1,0.8620689655172413
J48 zeros untreated,1,369,1,0.7
J48 zeros untreated,1,371,0,0.025210084033613446
J48 zeros untreated,1,395,0,0.13253012048192772
J48 zeros untreated,1,399,1,0.8620689655172413
J48 zeros untreated,1,408,1,0.6666666666666666
J48 zeros untreated,1,416,0,0.13253012048192772
J48 zeros untreated,1,418,0,0.025210084033613446
J48 zeros untreated,1,420,0,0.13253012048192772
J48 zeros untreated,1,437,0,0.6666666666666666
J48 zeros untreated,1,453,0,0.025210084033613446
J48 zeros untreated,1,456,0,0.16666666666666666
J48 zeros untreated,1,476,1,0.6666666666666666
J48 zeros untreated,1,488,0,0.025210084033613446
J48 zeros untreated,1,495,0,0.0
J48 zeros untreated,1,525,0,0.025210084033613446
J48 zeros untreated,1,529,0,0.025210084033613446
J48 zeros untreated,1,539,1,0.7
J48 zeros untreated,1,571,0,0.16666666666666666
J48 zeros untreated,1,573,0,0.13253012048192772
J48 zeros untreated,1,576,0,0.025210084033613446
J48 zeros untreated,1,582,0,0.6666666666666666
J48 zeros untreated,1,584,1,0.6666666666666666
J48 zeros untreated,1,587,0,0.025210084033613446
J48 zeros untreated,1,611,1,0.8620689655172413
J48 zeros untreated,1,612,1,0.8620689655172413
J48 zeros untreated,1,621,0,0.025210084033613446
J48 zeros untreated,1,630,1,0.6666666666666666
J48 zeros untreated,1,639,0,0.025210084033613446
J48 zeros untreated,1,644,0,0.13253012048192772
J48 zeros untreated,1,649,0,0.025210084033613446
J48 zeros untreated,1,653,0,0.13253012048192772
J48 zeros untreated,1,654,0,0.13253012048192772
J48 zeros untreated,1,657,0,0.6666666666666666
J48 zeros untreated,1,658,0,0.0625
J48 zeros untreated,1,675,1,0.8620689655172413
J48 zeros untreated,1,677,0,0.13253012048192772
J48 zeros untreated,1,687,0,0.6666666666666666
J48 zeros untreated,1,692,0,0.13253012048192772
J48 zeros untreated,1,700,0,0.13253012048192772
J48 zeros untreated,1,701,1,0.6666666666666666
J48 zeros untreated,1,732,1,0.8620689655172413
J48 zeros untreated,1,755,1,0.7
J48 unpruned,1,4,1,0.5128205128205128
J48 unpruned,1,23,1,0.07142857142857142
J48 unpruned,1,39,1,0.875
J48 unpruned,1,41,0,0.5128205128205128
J48 unpruned,1,63,0,0.2222222222222222
J48 unpruned,1,75,0,0.009009009009009009
J48 unpruned,1,78,1,0.5128205128205128
J48 unpruned,1,87,0,0.12790697674418605
J48 unpruned,1,100,1,0.8636363636363636
J48 unpruned,1,108,0,0.12790697674418605
J48 unpruned,1,111,1,0.8636363636363636
J48 unpruned,1,113,0,0.12790697674418605
J48 unpruned,1,126,0,0.7021276595744681
J48 unpruned,1,128,1,0.1
J48 unpruned,1,145,0,0.12790697674418605
J48 unpruned,1,146,0,0.047619047619047616
J48 unpruned,1,147,0,0.0
J48 unpruned,1,164,1,0.5128205128205128
J48 unpruned,1,171,1,0.5128205128205128
J48 unpruned,1,172,0,0.12790697674418605
J48 unpruned,1,192,1,0.8636363636363636
J48 unpruned,1,202,0,0.0
J48 unpruned,1,233,0,0.7021276595744681
J48 unpruned,1,248,0,0.07142857142857142
J48 unpruned,1,254,1,1.0
J48 unpruned,1,256,0,0.0
J48 unpruned,1,274,0,0.7021276595744681
J48 unpruned,1,286,0,0.8636363636363636
J48 unpruned,1,300,1,0.8636363636363636
J48 unpruned,1,305,0,0.07142857142857142
J48 unpruned,1,307,0,0.2222222222222222
J48 unpruned,1,320,0,0.2222222222222222
J48 unpruned,1,323,1,0.2222222222222222
J48 unpruned,1,335,0,0.8636363636363636
J48 unpruned,1,360,1,0.8636363636363636
J48 unpruned,1,369,1,0.5128205128205128
J48 unpruned,1,371,0,0.12790697674418605
J48 unpruned,1,395,0,0.12790697674418605
J48 unpruned,1,399,1,0.8636363636363636
J48 unpruned,1,408,1,0.16666666666666666
J48 unpruned,1,416,0,0.12790697674418605
J48 unpruned,1,418,0,0.009009009009009009
J48 unpruned,1,420,0,0.12790697674418605
J48 unpruned,1,437,0,0.2222222222222222
J48 unpruned,1,453,0,0.009009009009009009
J48 unpruned,1,456,0,0.2222222222222222
J48 unpruned,1,476,1,0.875
J48 unpruned,1,488,0,0.009009009009009009
J48 unpruned,1,495,0,0.16666666666666666
J48 unpruned,1,525,0,0.009009009009009009
J48 unpruned,1,529,0,0.009009009009009009
J48 unpruned,1,539,1,0.5128205128205128
J48 unpruned,1,571,0,0.2222222222222222
J48 unpruned,1,573,0,0.12790697674418605
J48 unpruned,1,576,0,0.009009009009009009
J48 unpruned,1,582,0,0.0
J48 unpruned,1,584,1,1.0
J48 unpruned,1,587,0,0.009009009009009009
J48 unpruned,1,611,1,0.8636363636363636
J48 unpruned,1,612,1,0.8636363636363636
J48 unpruned,1,621,0,0.009009009009009009
J48 unpruned,1,630,1,1.0
J48 unpruned,1,639,0,0.009009009009009009
J48 unpruned,1,644,0,0.12790697674418605
J48 unpruned,1,649,0,0.009009009009009009
J48 unpruned,1,653,0,0.12790697674418605
J48 unpruned,1,654,0,0.12790697674418605
J48 unpruned,1,657,0,0.875
J48 unpruned,1,658,0,0.1
J48 unpruned,1,675,1,0.8636363636363636
J48 unpruned,1,677,0,0.12790697674418605
J48 unpruned,1,687,0,0.7021276595744681
J48 unpruned,1,692,0,0.12790697674418605
J48 unpruned,1,700,0,0.12790697674418605
J48 unpruned,1,701,1,1.0
J48 unpruned,1,732,1,0.8636363636363636
J48 unpruned,1,755,1,0.5128205128205128
J48 SMOTE,1,4,1,0.7403314917127072
J48 SMOTE,1,23,1,0.7403314917127072
J48 SMOTE,1,39,1,0.0
J48 SMOTE,1,41,0,0.7403314917127072
J48 SMOTE,1,63,0,0.09375
J48 SMOTE,1,75,0,0.01020408163265306
J48 SMOTE,1,78,1,0.6216216216216216
J48 SMOTE,1,87,0,0.2702702702702703
J48 SMOTE,1,100,1,0.8852459016393442
J48 SMOTE,1,108,0,0.0
J48 SMOTE,1,111,1,0.8852459016393442
J48 SMOTE,1,113,0,0.013888888888888888
J48 SMOTE,1,126,0,0.7403314917127072
J48 SMOTE,1,128,1,0.7741935483870968
J48 SMOTE,1,145,0,0.2702702702702703
J48 SMOTE,1,146,0,0.0
J48 SMOTE,1,147,0,0.7741935483870968
J48 SMOTE,1,164,1,0.7403314917127072
J48 SMOTE,1,171,1,0.7403314917127072
J48 SMOTE,1,172,0,0.013888888888888888
J48 SMOTE,1,192,1,0.8852459016393442
J48 SMOTE,1,202,0,0.2702702702702703
J48 SMOTE,1,233,0,0.7403314917127072
J48 SMOTE,1,248,0,0.7403314917127072
J48 SMOTE,1,254,1,0.013888888888888888
J48 SMOTE,1,256,0,0.2702702702702703
J48 SMOTE,1,274,0,0.875
J48 SMOTE,1,286,0,0.8852459016393442
J48 SMOTE,1,300,1,0.8852459016393442
J48 SMOTE,1,305,0,0.7403314917127072
J48 SMOTE,1,307,0,0.09375
J48 SMOTE,1,320,0,0.7403314917127072
J48 SMOTE,1,323,1,0.7403314917127072
J48 SMOTE,1,335,0,0.8852459016393442
J48 SMOTE,1,360,1,0.8852459016393442
J48 SMOTE,1,369,1,0.7403314917127072
J48 SMOTE,1,371,0,0.0
J48 SMOTE,1,395,0,1.0
J48 SMOTE,1,399,1,0.8852459016393442
J48 SMOTE,1,408,1,0.8852459016393442
J48 SMOTE,1,416,0,0.2702702702702703
J48 SMOTE,1,418,0,0.01020408163265306
J48 SMOTE,1,420,0,0.6216216216216216
J48 SMOTE,1,437,0,0.6216216216216216
J48 SMOTE,1,453,0,0.09375
J48 SMOTE,1,456,0,0.7403314917127072
J48 SMOTE,1,476,1,0.2702702702702703
J48 SMOTE,1,488,0,0.01020408163265306
J48 SMOTE,1,495,0,0.8852459016393442
J48 SMOTE,1,525,0,0.01020408163265306
J48 SMOTE,1,529,0,0.01020408163265306
J48 SMOTE,1,539,1,0.7403314917127072
J48 SMOTE,1,571,0,0.09375
J48 SMOTE,1,573,0,0.2702702702702703
J48 SMOTE,1,576,0,0.01020408163265306
J48 SMOTE,1,582,0,0.7403314917127072
J48 SMOTE,1,584,1,0.7403314917127072
J48 SMOTE,1,587,0,0.01020408163265306
J48 SMOTE,1,611,1,0.8852459016393442
J48 SMOTE,1,612,1,0.8852459016393442
J48 SMOTE,1,621,0,0.01020408163265306
J48 SMOTE,1,630,1,0.875
J48 SMOTE,1,639,0,0.01020408163265306
J48 SMOTE,1,644,0,0.2702702702702703
J48 SMOTE,1,649,0,0.01020408163265306
J48 SMOTE,1,653,0,0.6216216216216216
J48 SMOTE,1,654,0,0.2702702702702703
J48 SMOTE,1,657,0,0.7403314917127072
J48 SMOTE,1,658,0,0.7403314917127072
J48 SMOTE,1,675,1,0.8852459016393442
J48 SMOTE,1,677,0,0.013888888888888888
J48 SMOTE,1,687,0,0.2702702702702703
J48 SMOTE,1,692,0,0.0
J48 SMOTE,1,700,0,0.0
J48 SMOTE,1,701,1,0.7403314917127072
J48 SMOTE,1,732,1,0.8852459016393442
J48 SMOTE,1,755,1,0.7403314917127072
J48 capped,1,4,1,0.5742574257425742
J48 capped,1,23,1,0.7352941176470589
J48 capped,1,39,1,0.16666666666666666
J48 capped,1,41,0,0.5742574257425742
J48 capped,1,63,0,0.2222222222222222
J48 capped,1,75,0,0.009009009009009009
J48 capped,1,78,1,0.5742574257425742
J48 capped,1,87,0,0.12790697674418605
J48 capped,1,100,1,0.8636363636363636
J48 capped,1,108,0,0.12790697674418605
J48 capped,1,111,1,0.8636363636363636
J48 capped,1,113,0,0.12790697674418605
J48 capped,1,126,0,0.7352941176470589
J48 capped,1,128,1,0.7352941176470589
J48 capped,1,145,0,0.12790697674418605
J48 capped,1,146,0,0.12903225806451613
J48 capped,1,147,0,0.7352941176470589
J48 capped,1,164,1,0.5742574257425742
J48 capped,1,171,1,0.5742574257425742
J48 capped,1,172,0,0.12790697674418605
J48 capped,1,192,1,0.8636363636363636
J48 capped,1,202,0,0.7352941176470589
J48 capped,1,233,0,0.7352941176470589
J48 capped,1,248,0,0.7352941176470589
J48 capped,1,254,1,1.0
J48 capped,1,256,0,0.7352941176470589
J48 capped,1,274,0,0.7352941176470589
J48 capped,1,286,0,0.8636363636363636
J48 capped,1,300,1,0.8636363636363636
J48 capped,1,305,0,0.06666666666666667
J48 capped,1,307,0,0.2222222222222222
J48 capped,1,320,0,0.2222222222222222
J48 capped,1,323,1,0.2222222222222222
J48 capped,1,335,0,0.8636363636363636
J48 capped,1,360,1,0.8636363636363636
J48 capped,1,369,1,0.5742574257425742
J48 capped,1,371,0,0.12790697674418605
J48 capped,1,395,0,0.12790697674418605
J48 capped,1,399,1,0.8636363636363636
J48 capped,1,408,1,0.0
J48 capped,1,416,0,0.12790697674418605
J48 capped,1,418,0,0.009009009009009009
J48 capped,1,420,0,0.12790697674418605
J48 capped,1,437,0,0.2222222222222222
J48 capped,1,453,0,0.009009009009009009
J48 capped,1,456,0,0.2222222222222222
J48 capped,1,476,1,0.7352941176470589
J48 capped,1,488,0,0.009009009009009009
J48 capped,1,495,0,0.0
J48 capped,1,525,0,0.009009009009009009
J48 capped,1,529,0,0.009009009009009009
J48 capped,1,539,1,0.5742574257425742
J48 capped,1,571,0,0.2222222222222222
J48 capped,1,573,0,0.12790697674418605
J48 capped,1,576,0,0.009009009009009009
J48 capped,1,582,0,0.16666666666666666
J48 capped,1,584,1,0.7352941176470589
J48 capped,1,587,0,0.009009009009009009
J48 capped,1,611,1,0.8636363636363636
J48 capped,1,612,1,0.8636363636363636
J48 capped,1,621,0,0.009009009009009009
J48 capped,1,630,1,0.7352941176470589
J48 capped,1,639,0,0.009009009009009009
J48 capped,1,644,0,0.12790697674418605
J48 capped,1,649,0,0.009009009009009009
J48 capped,1,653,0,0.12790697674418605
J48 capped,1,654,0,0.12790697674418605
J48 capped,1,657,0,0.7352941176470589
J48 capped,1,658,0,0.23529411764705882
J48 capped,1,675,1,0.8636363636363636
J48 capped,1,677,0,0.12790697674418605
J48 capped,1,687,0,0.23529411764705882
J48 capped,1,692,0,0.12790697674418605
J48 capped,1,700,0,0.12790697674418605
J48 capped,1,701,1,0.7352941176470589
J48 capped,1,732,1,0.8636363636363636
J48 capped,1,755,1,0.5742574257425742
J48 five features,1,4,1,0.5742574257425742
J48 five features,1,23,1,0.5841584158415841
J48 five features,1,39,1,0.125
J48 five features,1,41,0,0.5742574257425742
J48 five features,1,63,0,0.2222222222222222
J48 five features,1,75,0,0.009009009009009009
J48 five features,1,78,1,0.5742574257425742
J48 five features,1,87,0,0.12790697674418605
J48 five features,1,100,1,0.8636363636363636
J48 five features,1,108,0,0.12790697674418605
J48 five features,1,111,1,0.8636363636363636
J48 five features,1,113,0,0.12790697674418605
J48 five features,1,126,0,0.5841584158415841
J48 five features,1,128,1,0.5841584158415841
J48 five features,1,145,0,0.12790697674418605
J48 five features,1,146,0,0.13043478260869565
J48 five features,1,147,0,0.5841584158415841
J48 five features,1,164,1,0.5742574257425742
J48 five features,1,171,1,0.5742574257425742
J48 five features,1,172,0,0.12790697674418605
J48 five features,1,192,1,0.8636363636363636
J48 five features,1,202,0,0.5841584158415841
J48 five features,1,233,0,0.5841584158415841
J48 five features,1,248,0,0.5841584158415841
J48 five features,1,254,1,0.13043478260869565
J48 five features,1,256,0,0.5841584158415841
J48 five features,1,274,0,0.5841584158415841
J48 five features,1,286,0,0.8636363636363636
J48 five features,1,300,1,0.8636363636363636
J48 five features,1,305,0,0.5841584158415841
J48 five features,1,307,0,0.2222222222222222
J48 five features,1,320,0,0.2222222222222222
J48 five features,1,323,1,0.2222222222222222
J48 five features,1,335,0,0.8636363636363636
J48 five features,1,360,1,0.8636363636363636
J48 five features,1,369,1,0.5742574257425742
J48 five features,1,371,0,0.12790697674418605
J48 five features,1,395,0,0.12790697674418605
J48 five features,1,399,1,0.8636363636363636
J48 five features,1,408,1,0.0
J48 five features,1,416,0,0.12790697674418605
J48 five features,1,418,0,0.009009009009009009
J48 five features,1,420,0,0.12790697674418605
J48 five features,1,437,0,0.2222222222222222
J48 five features,1,453,0,0.009009009009009009
J48 five features,1,456,0,0.2222222222222222
J48 five features,1,476,1,0.5841584158415841
J48 five features,1,488,0,0.009009009009009009
J48 five features,1,495,0,0.0
J48 five features,1,525,0,0.009009009009009009
J48 five features,1,529,0,0.009009009009009009
J48 five features,1,539,1,0.5742574257425742
J48 five features,1,571,0,0.2222222222222222
J48 five features,1,573,0,0.12790697674418605
J48 five features,1,576,0,0.009009009009009009
J48 five features,1,582,0,0.125
J48 five features,1,584,1,0.5841584158415841
J48 five features,1,587,0,0.009009009009009009
J48 five features,1,611,1,0.8636363636363636
J48 five features,1,612,1,0.8636363636363636
J48 five features,1,621,0,0.009009009009009009
J48 five features,1,630,1,0.5841584158415841
J48 five features,1,639,0,0.009009009009009009
J48 five features,1,644,0,0.12790697674418605
J48 five features,1,649,0,0.009009009009009009
J48 five features,1,653,0,0.12790697674418605
J48 five features,1,654,0,0.12790697674418605
J48 five features,1,657,0,0.5841584158415841
J48 five features,1,658,0,0.5841584158415841
J48 five features,1,675,1,0.8636363636363636
J48 five features,1,677,0,0.12790697674418605
J48 five features,1,687,0,0.5841584158415841
J48 five features,1,692,0,0.12790697674418605
J48 five features,1,700,0,0.12790697674418605
J48 five features,1,701,1,0.5841584158415841
J48 five features,1,732,1,0.8636363636363636
J48 five features,1,755,1,0.5742574257425742
J48,2,14,1,0.66
J48,2,52,0,0.009433962264150943
J48,2,53,1,0.9271523178807947
J48,2,54,0,0.8936170212765957
J48,2,61,1,0.65625
J48,2,70,1,0.1702127659574468
J48,2,71,0,0.3235294117647059
J48,2,77,0,0.1702127659574468
J48,2,80,0,0.009433962264150943
J48,2,81,0,0.1702127659574468
J48,2,83,0,0.009433962264150943
J48,2,94,0,0.3235294117647059
J48,2,107,0,0.66
J48,2,112,0,0.1702127659574468
J48,2,119,0,0.009433962264150943
J48,2,133,0,0.1702127659574468
J48,2,139,0,0.2619047619047619
J48,2,143,1,0.6835443037974683
J48,2,162,0,0.2619047619047619
J48,2,163,0,0.1702127659574468
J48,2,183,0,0.1702127659574468
J48,2,201,0,0.65625
J48,2,208,0,0.1702127659574468
J48,2,213,1,0.896551724137931
J48,2,224,0,0.009433962264150943
J48,2,228,0,0.9271523178807947
J48,2,234,0,0.1702127659574468
J48,2,258,0,0.66
J48,2,278,0,0.009433962264150943
J48,2,287,1,0.2619047619047619
J48,2,299,0,0.009433962264150943
J48,2,302,0,0.1702127659574468
J48,2,322,1,0.6835443037974683
J48,2,326,1,0.6835443037974683
J48,2,328,1,0.2619047619047619
J48,2,330,0,0.009433962264150943
J48,2,331,0,0.1702127659574468
J48,2,337,1,0.6835443037974683
J48,2,355,1,0.9271523178807947
J48,2,388,1,0.8936170212765957
J48,2,393,0,0.009433962264150943
J48,2,396,0,0.009433962264150943
J48,2,398,0,0.009433962264150943
J48,2,404,1,0.9271523178807947
J48,2,414,1,0.4230769230769231
J48,2,422,0,0.2619047619047619
J48,2,445,1,0.9271523178807947
J48,2,455,1,0.9271523178807947
J48,2,460,0,0.009433962264150943
J48,2,465,0,0.009433962264150943
J48,2,472,0,0.2619047619047619
J48,2,475,0,0.3235294117647059
J48,2,479,0,0.3235294117647059
J48,2,487,0,0.9271523178807947
J48,2,491,0,0.1702127659574468
J48,2,493,1,0.6835443037974683
J48,2,502,1,0.6835443037974683
J48,2,516,1,0.8936170212765957
J48,2,531,0,0.2619047619047619
J48,2,532,0,0.1702127659574468
J48,2,541,1,0.2619047619047619
J48,2,554,0,0.1702127659574468
J48,2,561,1,0.9271523178807947
J48,2,565,0,0.009433962264150943
J48,2,579,1,0.9271523178807947
J48,2,615,0,0.009433962264150943
J48,2,616,0,0.6835443037974683
J48,2,632,0,0.009433962264150943
J48,2,662,1,0.9271523178807947
J48,2,671,0,0.009433962264150943
J48,2,684,0,0.8936170212765957
J48,2,693,1,0.6835443037974683
J48,2,719,1,0.1702127659574468
J48,2,721,0,0.2619047619047619
J48,2,739,1,0.6835443037974683
J48,2,741,0,0.2619047619047619
J48,2,763,0,0.6835443037974683
Naive Bayes,2,14,1,0.7610220280457359
Naive Bayes,2,52,0,0.00364520930014485
Naive Bayes,2,53,1,0.9952648787401964
Naive Bayes,2,54,0,0.9445449993372184
Naive Bayes,2,61,1,0.5535528544305377
Naive Bayes,2,70,1,0.022720144986446648
Naive Bayes,2,71,0,0.40091598161777114
Naive Bayes,2,77,0,0.1587261006416955
Naive Bayes,2,80,0,0.001915034504687441
Naive Bayes,2,81,0,0.02401880625700145
Naive Bayes,2,83,0,0.013127344865669391
Naive Bayes,2,94,0,0.03051220679598313
Naive Bayes,2,107,0,0.41863022320573773
Naive Bayes,2,112,0,0.013698287677118491
Naive Bayes,2,119,0,0.0012171696185434334
Naive Bayes,2,133,0,0.3603897952281204
Naive Bayes,2,139,0,0.2554722077606469
Naive Bayes,2,143,1,0.4206419747046482
Naive Bayes,2,162,0,0.4959629596717365
Naive Bayes,2,163,0,0.01602216556477315
Naive Bayes,2,183,0,0.01709237755126592
Naive Bayes,2,201,0,0.4672195701433334
Naive Bayes,2,208,0,0.008623504701460083
Naive Bayes,2,213,1,0.5115978062155135
Naive Bayes,2,224,0,0.001793680200226394
Naive Bayes,2,228,0,0.9991621340215361
Naive Bayes,2,234,0,0.00558750543754147
Naive Bayes,2,258,0,0.6332997286620077
Naive Bayes,2,278,0,0.3425138966203213
Naive Bayes,2,287,1,0.8522513035841853
Naive Bayes,2,299,0,0.5083717236902254
Naive Bayes,2,302,0,0.06547145637854494
Naive Bayes,2,322,1,0.0448687916926302
Naive Bayes,2,326,1,0.42455846786158596
Naive Bayes,2,328,1,0.1147831566653608
Naive Bayes,2,330,0,0.5189286943431521
Naive Bayes,2,331,0,0.0018768749148235075
Naive Bayes,2,337,1,0.26237001965651735
Naive Bayes,2,355,1,0.9516125990614419
Naive Bayes,2,388,1,0.8426130126082577
Naive Bayes,2,393,0,0.004389233841792044
Naive Bayes,2,396,0,0.045098510729511446
Naive Bayes,2,398,0,0.009930069846562093
Naive Bayes,2,404,1,0.801969801509755
Naive Bayes,2,414,1,0.3934688195855845
Naive Bayes,2,422,0,0.0474023244974457
Naive Bayes,2,445,1,0.9913888248567059
Naive Bayes,2,455,1,0.9889589272300287
Naive Bayes,2,460,0,0.09510890314083159
Naive Bayes,2,465,0,0.0011848756650590813
Naive Bayes,2,472,0,0.10807050790017726
Naive Bayes,2,475,0,0.4097308969860127
Naive Bayes,2,479,0,0.5983184755916856
Naive Bayes,2,487,0,0.9990232155692909
Naive Bayes,2,491,0,0.1677299175743965
Naive Bayes,2,493,1,0.2126258322544598
Naive Bayes,2,502,1,0.6938784518484965
Naive Bayes,2,516,1,0.976201765588372
Naive Bayes,2,531,0,0.31895693141234954
Naive Bayes,2,532,0,0.14516989906359337
Naive Bayes,2,541,1,0.2790828697836244
Naive Bayes,2,554,0,0.01127038318334779
Naive Bayes,2,561,1,0.9904351948779222
Naive Bayes,2,565,0,0.0014506669119586718
Naive Bayes,2,579,1,0.9946788203415367
Naive Bayes,2,615,0,0.035921443927361255
Naive Bayes,2,616,0,0.23500941705386844
Naive Bayes,2,632,0,0.02537299589368359
Naive Bayes,2,662,1,0.9927049920557139
Naive Bayes,2,671,0,0.003064138221018419
Naive Bayes,2,684,0,0.8028517289133171
Naive Bayes,2,693,1,0.6828551193265893
Naive Bayes,2,719,1,0.2756488398317737
Naive Bayes,2,721,0,0.23103728250817254
Naive Bayes,2,739,1,0.22708199273964855
Naive Bayes,2,741,0,0.003559429967354778
Naive Bayes,2,763,0,0.8415576635808376
Logistic Regression,2,14,1,0.672910920232622
Logistic Regression,2,52,0,0.05349092221035272
Logistic Regression,2,53,1,0.8799177451176151
Logistic Regression,2,54,0,0.8072861094284486
Logistic Regression,2,61,1,0.460625526310566
Logistic Regression,2,70,1,0.16601522972092106
Logistic Regression,2,71,0,0.43427268832892885
Logistic Regression,2,77,0,0.20638401301226522
Logistic Regression,2,80,0,0.07407212180179068
Logistic Regression,2,81,0,0.04034432728377568
Logistic Regression,2,83,0,0.053246948464275495
Logistic Regression,2,94,0,0.2272332443271302
Logistic Regression,2,107,0,0.4550833117271383
Logistic Regression,2,112,0,0.05086020160049011
Logistic Regression,2,119,0,0.04154756853270979
Logistic Regression,2,133,0,0.25083814203251736
Logistic Regression,2,139,0,0.2405540402900773
Logistic Regression,2,143,1,0.33191982527059605
Logistic Regression,2,162,0,0.3024841453107383
Logistic Regression,2,163,0,0.09423207273395638
Logistic Regression,2,183,0,0.05029667120251632
Logistic Regression,2,201,0,0.38366614916386693
Logistic Regression,2,208,0,0.07556220486967574
Logistic Regression,2,213,1,0.5295737909688576
Logistic Regression,2,224,0,0.06146320399402178
Logistic Regression,2,228,0,0.955680200313415
Logistic Regression,2,234,0,0.038242104626359436
Logistic Regression,2,258,0,0.7152816460552298
Logistic Regression,2,278,0,0.3062859652418365
Logistic Regression,2,287,1,0.586811325208653
Logistic Regression,2,299,0,0.37170850992998716
Logistic Regression,2,302,0,0.08657363604012207
Logistic Regression,2,322,1,0.13631054496046655
Logistic Regression,2,326,1,0.4016376064632101
Logistic Regression,2,328,1,0.184234134907738
Logistic Regression,2,330,0,0.4257061308287898
Logistic Regression,2,331,0,0.05085532358942042
Logistic Regression,2,337,1,0.26464320939538677
Logistic Regression,2,355,1,0.7079168684686902
Logistic Regression,2,388,1,0.6122289608414151
Logistic Regression,2,393,0,0.10677771501034551
Logistic Regression,2,396,0,0.15356736354732403
Logistic Regression,2,398,0,0.03858293174721835
Logistic Regression,2,404,1,0.6384412718895215
Logistic Regression,2,414,1,0.4281751864763392
Logistic Regression,2,422,0,0.19473983053369723
Logistic Regression,2,445,1,0.925458444602123
Logistic Regression,2,455,1,0.8566134194198783
Logistic Regression,2,460,0,0.2734659205097967
Logistic Regression,2,465,0,0.07783368288338804
Logistic Regression,2,472,0,0.21811859562281763
Logistic Regression,2,475,0,0.251901216134259
Logistic Regression,2,479,0,0.3879590774393236
Logistic Regression,2,487,0,0.9454601323875704
Logistic Regression,2,491,0,0.10385794469877616
Logistic Regression,2,493,1,0.4117300551134346
Logistic Regression,2,502,1,0.5816930700917322
Logistic Regression,2,516,1,0.7602075916450488
Logistic Regression,2,531,0,0.33465451727660234
Logistic Regression,2,532,0,0.23769259311106464
Logistic Regression,2,541,1,0.363918876197756
Logistic Regression,2,554,0,0.08688127585073135
Logistic Regression,2,561,1,0.8908676884671083
Logistic Regression,2,565,0,0.07556233381972631
Logistic Regression,2,579,1,0.9104242327363739
Logistic Regression,2,615,0,0.09049862283890035
Logistic Regression,2,616,0,0.1688533052966201
Logistic Regression,2,632,0,0.1137065959075643
Logistic Regression,2,662,1,0.8069362007449189
Logistic Regression,2,671,0,0.07069087782258232
Logistic Regression,2,684,0,0.587208497113753
Logistic Regression,2,693,1,0.6072131145409749
Logistic Regression,2,719,1,0.24224962929426133
Logistic Regression,2,721,0,0.26694199957107284
Logistic Regression,2,739,1,0.20919985104484234
Logistic Regression,2,741,0,0.11402704753078104
Logistic Regression,2,763,0,0.42122717543712823
J48 reference,2,14,1,0.2631578947368421
J48 reference,2,52,0,0.009523809523809525
J48 reference,2,53,1,0.8840579710144928
J48 reference,2,54,0,0.6981132075471698
J48 reference,2,61,1,0.6981132075471698
J48 reference,2,70,1,0.11731843575418995
J48 reference,2,71,0,0.2631578947368421
J48 reference,2,77,0,0.11731843575418995
J48 reference,2,80,0,0.009523809523809525
J48 reference,2,81,0,0.11731843575418995
J48 reference,2,83,0,0.009523809523809525
J48 reference,2,94,0,0.2631578947368421
J48 reference,2,107,0,0.2631578947368421
J48 reference,2,112,0,0.11731843575418995
J48 reference,2,119,0,0.009523809523809525
J48 reference,2,133,0,1.0
J48 reference,2,139,0,0.11731843575418995
J48 reference,2,143,1,0.375
J48 reference,2,162,0,0.11731843575418995
J48 reference,2,163,0,0.11731843575418995
J48 reference,2,183,0,0.11731843575418995
J48 reference,2,201,0,0.6981132075471698
J48 reference,2,208,0,0.11731843575418995
J48 reference,2,213,1,0.3333333333333333
J48 reference,2,224,0,0.009523809523809525
J48 reference,2,228,0,0.8840579710144928
J48 reference,2,234,0,0.11731843575418995
J48 reference,2,258,0,0.8840579710144928
J48 reference,2,278,0,0.009523809523809525
J48 reference,2,287,1,0.11731843575418995
J48 reference,2,299,0,0.009523809523809525
J48 reference,2,302,0,0.0
J48 reference,2,322,1,0.5806451612903226
J48 reference,2,326,1,0.5806451612903226
J48 reference,2,328,1,0.11731843575418995
J48 reference,2,330,0,0.009523809523809525
J48 reference,2,331,0,0.11731843575418995
J48 reference,2,337,1,0.5806451612903226
J48 reference,2,355,1,0.6981132075471698
J48 reference,2,388,1,0.6981132075471698
J48 reference,2,393,0,0.009523809523809525
J48 reference,2,396,0,0.009523809523809525
J48 reference,2,398,0,0.009523809523809525
J48 reference,2,404,1,0.8840579710144928
J48 reference,2,414,1,0.3333333333333333
J48 reference,2,422,0,0.11731843575418995
J48 reference,2,445,1,0.8840579710144928
J48 reference,2,455,1,0.8840579710144928
J48 reference,2,460,0,0.009523809523809525
J48 reference,2,465,0,0.009523809523809525
J48 reference,2,472,0,0.11731843575418995
J48 reference,2,475,0,0.2631578947368421
J48 reference,2,479,0,0.2631578947368421
J48 reference,2,487,0,0.8840579710144928
J48 reference,2,491,0,0.18421052631578946
J48 reference,2,493,1,0.5806451612903226
J48 reference,2,502,1,0.5806451612903226
J48 reference,2,516,1,0.6981132075471698
J48 reference,2,531,0,0.11731843575418995
J48 reference,2,532,0,0.11731843575418995
J48 reference,2,541,1,0.6981132075471698
J48 reference,2,554,0,0.11731843575418995
J48 reference,2,561,1,0.8840579710144928
J48 reference,2,565,0,0.009523809523809525
J48 reference,2,579,1,0.8840579710144928
J48 reference,2,615,0,0.009523809523809525
J48 reference,2,616,0,0.5806451612903226
J48 reference,2,632,0,0.009523809523809525
J48 reference,2,662,1,0.8840579710144928
J48 reference,2,671,0,0.009523809523809525
J48 reference,2,684,0,0.6981132075471698
J48 reference,2,693,1,0.6981132075471698
J48 reference,2,719,1,0.18421052631578946
J48 reference,2,721,0,0.11731843575418995
J48 reference,2,739,1,0.18421052631578946
J48 reference,2,741,0,0.11731843575418995
J48 reference,2,763,0,0.1
J48 zeros untreated,2,14,1,0.2631578947368421
J48 zeros untreated,2,52,0,0.0
J48 zeros untreated,2,53,1,0.8840579710144928
J48 zeros untreated,2,54,0,0.6981132075471698
J48 zeros untreated,2,61,1,0.6981132075471698
J48 zeros untreated,2,70,1,0.08641975308641975
J48 zeros untreated,2,71,0,0.2631578947368421
J48 zeros untreated,2,77,0,0.08641975308641975
J48 zeros untreated,2,80,0,0.08641975308641975
J48 zeros untreated,2,81,0,0.08641975308641975
J48 zeros untreated,2,83,0,0.08641975308641975
J48 zeros untreated,2,94,0,0.2631578947368421
J48 zeros untreated,2,107,0,0.2631578947368421
J48 zeros untreated,2,112,0,0.08641975308641975
J48 zeros untreated,2,119,0,0.08641975308641975
J48 zeros untreated,2,133,0,0.11363636363636363
J48 zeros untreated,2,139,0,0.08641975308641975
J48 zeros untreated,2,143,1,0.21052631578947367
J48 zeros untreated,2,162,0,0.08641975308641975
J48 zeros untreated,2,163,0,0.08641975308641975
J48 zeros untreated,2,183,0,0.08641975308641975
J48 zeros untreated,2,201,0,0.6981132075471698
J48 zeros untreated,2,208,0,0.08641975308641975
J48 zeros untreated,2,213,1,0.2727272727272727
J48 zeros untreated,2,224,0,0.08641975308641975
J48 zeros untreated,2,228,0,0.8840579710144928
J48 zeros untreated,2,234,0,0.08641975308641975
J48 zeros untreated,2,258,0,0.8840579710144928
J48 zeros untreated,2,278,0,0.0
J48 zeros untreated,2,287,1,1.0
J48 zeros untreated,2,299,0,0.0
J48 zeros untreated,2,302,0,0.11363636363636363
J48 zeros untreated,2,322,1,1.0
J48 zeros untreated,2,326,1,0.36
J48 zeros untreated,2,328,1,0.08641975308641975
J48 zeros untreated,2,330,0,0.0
J48 zeros untreated,2,331,0,0.08641975308641975
J48 zeros untreated,2,337,1,0.36
J48 zeros untreated,2,355,1,0.6981132075471698
J48 zeros untreated,2,388,1,0.6981132075471698
J48 zeros untreated,2,393,0,0.0
J48 zeros untreated,2,396,0,0.0
J48 zeros untreated,2,398,0,0.08641975308641975
J48 zeros untreated,2,404,1,0.8840579710144928
J48 zeros untreated,2,414,1,0.2727272727272727
J48 zeros untreated,2,422,0,0.08641975308641975
J48 zeros untreated,2,445,1,0.8840579710144928
J48 zeros untreated,2,455,1,0.8840579710144928
J48 zeros untreated,2,460,0,0.0
J48 zeros untreated,2,465,0,0.08641975308641975
J48 zeros untreated,2,472,0,0.08641975308641975
J48 zeros untreated,2,475,0,0.2631578947368421
J48 zeros untreated,2,479,0,0.2631578947368421
J48 zeros untreated,2,487,0,0.8840579710144928
J48 zeros untreated,2,491,0,0.11363636363636363
J48 zeros untreated,2,493,1,0.36
J48 zeros untreated,2,502,1,0.11363636363636363
J48 zeros untreated,2,516,1,0.6981132075471698
J48 zeros untreated,2,531,0,0.08641975308641975
J48 zeros untreated,2,532,0,0.11363636363636363
J48 zeros untreated,2,541,1,0.6981132075471698
J48 zeros untreated,2,554,0,0.08641975308641975
J48 zeros untreated,2,561,1,0.8840579710144928
J48 zeros untreated,2,565,0,0.08641975308641975
J48 zeros untreated,2,579,1,0.8840579710144928
J48 zeros untreated,2,615,0,0.08641975308641975
J48 zeros untreated,2,616,0,1.0
J48 zeros untreated,2,632,0,0.08641975308641975
J48 zeros untreated,2,662,1,0.8840579710144928
J48 zeros untreated,2,671,0,0.08641975308641975
J48 zeros untreated,2,684,0,0.2631578947368421
J48 zeros untreated,2,693,1,0.6981132075471698
J48 zeros untreated,2,719,1,0.11363636363636363
J48 zeros untreated,2,721,0,0.08641975308641975
J48 zeros untreated,2,739,1,0.0
J48 zeros untreated,2,741,0,0.08641975308641975
J48 zeros untreated,2,763,0,0.21052631578947367
J48 unpruned,2,14,1,0.2631578947368421
J48 unpruned,2,52,0,0.009523809523809525
J48 unpruned,2,53,1,1.0
J48 unpruned,2,54,0,0.6981132075471698
J48 unpruned,2,61,1,0.6981132075471698
J48 unpruned,2,70,1,0.11731843575418995
J48 unpruned,2,71,0,0.2631578947368421
J48 unpruned,2,77,0,0.11731843575418995
J48 unpruned,2,80,0,0.009523809523809525
J48 unpruned,2,81,0,0.11731843575418995
J48 unpruned,2,83,0,0.009523809523809525
J48 unpruned,2,94,0,0.2631578947368421
J48 unpruned,2,107,0,0.2631578947368421
J48 unpruned,2,112,0,0.11731843575418995
J48 unpruned,2,119,0,0.009523809523809525
J48 unpruned,2,133,0,1.0
J48 unpruned,2,139,0,0.11731843575418995
J48 unpruned,2,143,1,0.375
J48 unpruned,2,162,0,0.11731843575418995
J48 unpruned,2,163,0,0.11731843575418995
J48 unpruned,2,183,0,0.11731843575418995
J48 unpruned,2,201,0,0.6981132075471698
J48 unpruned,2,208,0,0.11731843575418995
J48 unpruned,2,213,1,0.3333333333333333
J48 unpruned,2,224,0,0.009523809523809525
J48 unpruned,2,228,0,1.0
J48 unpruned,2,234,0,0.11731843575418995
J48 unpruned,2,258,0,1.0
J48 unpruned,2,278,0,0.009523809523809525
J48 unpruned,2,287,1,0.11731843575418995
J48 unpruned,2,299,0,0.009523809523809525
J48 unpruned,2,302,0,0.0
J48 unpruned,2,322,1,0.5806451612903226
J48 unpruned,2,326,1,0.5806451612903226
J48 unpruned,2,328,1,0.11731843575418995
J48 unpruned,2,330,0,0.009523809523809525
J48 unpruned,2,331,0,0.11731843575418995
J48 unpruned,2,337,1,0.5806451612903226
J48 unpruned,2,355,1,0.6981132075471698
J48 unpruned,2,388,1,0.6981132075471698
J48 unpruned,2,393,0,0.009523809523809525
J48 unpruned,2,396,0,0.009523809523809525
J48 unpruned,2,398,0,0.009523809523809525
J48 unpruned,2,404,1,0.8
J48 unpruned,2,414,1,0.3333333333333333
J48 unpruned,2,422,0,0.11731843575418995
J48 unpruned,2,445,1,1.0
J48 unpruned,2,455,1,0.8
J48 unpruned,2,460,0,0.009523809523809525
J48 unpruned,2,465,0,0.009523809523809525
J48 unpruned,2,472,0,0.11731843575418995
J48 unpruned,2,475,0,0.2631578947368421
J48 unpruned,2,479,0,0.2631578947368421
J48 unpruned,2,487,0,1.0
J48 unpruned,2,491,0,0.0
J48 unpruned,2,493,1,0.5806451612903226
J48 unpruned,2,502,1,0.5806451612903226
J48 unpruned,2,516,1,0.6981132075471698
J48 unpruned,2,531,0,0.11731843575418995
J48 unpruned,2,532,0,0.11731843575418995
J48 unpruned,2,541,1,0.6981132075471698
J48 unpruned,2,554,0,0.11731843575418995
J48 unpruned,2,561,1,1.0
J48 unpruned,2,565,0,0.009523809523809525
J48 unpruned,2,579,1,0.8
J48 unpruned,2,615,0,0.009523809523809525
J48 unpruned,2,616,0,0.5806451612903226
J48 unpruned,2,632,0,0.009523809523809525
J48 unpruned,2,662,1,1.0
J48 unpruned,2,671,0,0.009523809523809525
J48 unpruned,2,684,0,0.6981132075471698
J48 unpruned,2,693,1,0.6981132075471698
J48 unpruned,2,719,1,0.20833333333333334
J48 unpruned,2,721,0,0.11731843575418995
J48 unpruned,2,739,1,0.20833333333333334
J48 unpruned,2,741,0,0.11731843575418995
J48 unpruned,2,763,0,0.1111111111111111
J48 SMOTE,2,14,1,0.1111111111111111
J48 SMOTE,2,52,0,0.009174311926605505
J48 SMOTE,2,53,1,0.9333333333333333
J48 SMOTE,2,54,0,0.8125
J48 SMOTE,2,61,1,0.8125
J48 SMOTE,2,70,1,0.1990521327014218
J48 SMOTE,2,71,0,0.8888888888888888
J48 SMOTE,2,77,0,0.1990521327014218
J48 SMOTE,2,80,0,0.009174311926605505
J48 SMOTE,2,81,0,0.1990521327014218
J48 SMOTE,2,83,0,0.009174311926605505
J48 SMOTE,2,94,0,0.1111111111111111
J48 SMOTE,2,107,0,0.8888888888888888
J48 SMOTE,2,112,0,0.1990521327014218
J48 SMOTE,2,119,0,0.009174311926605505
J48 SMOTE,2,133,0,0.14893617021276595
J48 SMOTE,2,139,0,0.1990521327014218
J48 SMOTE,2,143,1,0.6777777777777778
J48 SMOTE,2,162,0,0.1990521327014218
J48 SMOTE,2,163,0,0.1990521327014218
J48 SMOTE,2,183,0,0.1990521327014218
J48 SMOTE,2,201,0,0.8125
J48 SMOTE,2,208,0,0.1990521327014218
J48 SMOTE,2,213,1,0.8125
J48 SMOTE,2,224,0,0.009174311926605505
J48 SMOTE,2,228,0,0.9333333333333333
J48 SMOTE,2,234,0,0.1990521327014218
J48 SMOTE,2,258,0,0.9333333333333333
J48 SMOTE,2,278,0,0.009174311926605505
J48 SMOTE,2,287,1,0.1990521327014218
J48 SMOTE,2,299,0,0.009174311926605505
J48 SMOTE,2,302,0,0.14893617021276595
J48 SMOTE,2,322,1,0.6777777777777778
J48 SMOTE,2,326,1,0.0
J48 SMOTE,2,328,1,0.1990521327014218
J48 SMOTE,2,330,0,0.009174311926605505
J48 SMOTE,2,331,0,0.1990521327014218
J48 SMOTE,2,337,1,0.6777777777777778
J48 SMOTE,2,355,1,0.8125
J48 SMOTE,2,388,1,0.8125
J48 SMOTE,2,393,0,0.009174311926605505
J48 SMOTE,2,396,0,0.009174311926605505
J48 SMOTE,2,398,0,0.009174311926605505
J48 SMOTE,2,404,1,0.9333333333333333
J48 SMOTE,2,414,1,1.0
J48 SMOTE,2,422,0,0.1990521327014218
J48 SMOTE,2,445,1,0.9333333333333333
J48 SMOTE,2,455,1,0.9333333333333333
J48 SMOTE,2,460,0,0.009174311926605505
J48 SMOTE,2,465,0,0.009174311926605505
J48 SMOTE,2,472,0,0.1990521327014218
J48 SMOTE,2,475,0,0.8888888888888888
J48 SMOTE,2,479,0,0.0
J48 SMOTE,2,487,0,0.9333333333333333
J48 SMOTE,2,491,0,0.14893617021276595
J48 SMOTE,2,493,1,1.0
J48 SMOTE,2,502,1,1.0
J48 SMOTE,2,516,1,0.8125
J48 SMOTE,2,531,0,0.1990521327014218
J48 SMOTE,2,532,0,0.1990521327014218
J48 SMOTE,2,541,1,0.1990521327014218
J48 SMOTE,2,554,0,0.1990521327014218
J48 SMOTE,2,561,1,0.9333333333333333
J48 SMOTE,2,565,0,0.009174311926605505
J48 SMOTE,2,579,1,0.9333333333333333
J48 SMOTE,2,615,0,0.009174311926605505
J48 SMOTE,2,616,0,0.6777777777777778
J48 SMOTE,2,632,0,0.009174311926605505
J48 SMOTE,2,662,1,0.9333333333333333
J48 SMOTE,2,671,0,0.009174311926605505
J48 SMOTE,2,684,0,0.8125
J48 SMOTE,2,693,1,0.6777777777777778
J48 SMOTE,2,719,1,0.14893617021276595
J48 SMOTE,2,721,0,0.1990521327014218
J48 SMOTE,2,739,1,0.6777777777777778
J48 SMOTE,2,741,0,0.1990521327014218
J48 SMOTE,2,763,0,0.0
J48 capped,2,14,1,0.0
J48 capped,2,52,0,0.009523809523809525
J48 capped,2,53,1,0.8840579710144928
J48 capped,2,54,0,0.6981132075471698
J48 capped,2,61,1,0.6981132075471698
J48 capped,2,70,1,0.11731843575418995
J48 capped,2,71,0,1.0
J48 capped,2,77,0,0.11731843575418995
J48 capped,2,80,0,0.009523809523809525
J48 capped,2,81,0,0.11731843575418995
J48 capped,2,83,0,0.009523809523809525
J48 capped,2,94,0,1.0
J48 capped,2,107,0,1.0
J48 capped,2,112,0,0.11731843575418995
J48 capped,2,119,0,0.009523809523809525
J48 capped,2,133,0,0.6538461538461539
J48 capped,2,139,0,0.11731843575418995
J48 capped,2,143,1,0.6538461538461539
J48 capped,2,162,0,0.11731843575418995
J48 capped,2,163,0,0.11731843575418995
J48 capped,2,183,0,0.11731843575418995
J48 capped,2,201,0,0.6981132075471698
J48 capped,2,208,0,0.11731843575418995
J48 capped,2,213,1,0.3333333333333333
J48 capped,2,224,0,0.009523809523809525
J48 capped,2,228,0,0.8840579710144928
J48 capped,2,234,0,0.11731843575418995
J48 capped,2,258,0,0.8840579710144928
J48 capped,2,278,0,0.009523809523809525
J48 capped,2,287,1,0.11731843575418995
J48 capped,2,299,0,0.009523809523809525
J48 capped,2,302,0,0.0
J48 capped,2,322,1,0.9166666666666666
J48 capped,2,326,1,0.6
J48 capped,2,328,1,0.11731843575418995
J48 capped,2,330,0,0.009523809523809525
J48 capped,2,331,0,0.11731843575418995
J48 capped,2,337,1,0.9166666666666666
J48 capped,2,355,1,0.6981132075471698
J48 capped,2,388,1,0.6981132075471698
J48 capped,2,393,0,0.009523809523809525
J48 capped,2,396,0,0.009523809523809525
J48 capped,2,398,0,0.009523809523809525
J48 capped,2,404,1,0.8840579710144928
J48 capped,2,414,1,0.3333333333333333
J48 capped,2,422,0,0.11731843575418995
J48 capped,2,445,1,0.8840579710144928
J48 capped,2,455,1,0.8840579710144928
J48 capped,2,460,0,0.009523809523809525
J48 capped,2,465,0,0.009523809523809525
J48 capped,2,472,0,0.11731843575418995
J48 capped,2,475,0,0.0625
J48 capped,2,479,0,0.28
J48 capped,2,487,0,0.8840579710144928
J48 capped,2,491,0,0.18421052631578946
J48 capped,2,493,1,0.25
J48 capped,2,502,1,0.0
J48 capped,2,516,1,0.6981132075471698
J48 capped,2,531,0,0.11731843575418995
J48 capped,2,532,0,0.11731843575418995
J48 capped,2,541,1,0.6981132075471698
J48 capped,2,554,0,0.11731843575418995
J48 capped,2,561,1,0.8840579710144928
J48 capped,2,565,0,0.009523809523809525
J48 capped,2,579,1,0.8840579710144928
J48 capped,2,615,0,0.009523809523809525
J48 capped,2,616,0,0.0
J48 capped,2,632,0,0.009523809523809525
J48 capped,2,662,1,0.8840579710144928
J48 capped,2,671,0,0.009523809523809525
J48 capped,2,684,0,0.6981132075471698
J48 capped,2,693,1,0.6981132075471698
J48 capped,2,719,1,0.18421052631578946
J48 capped,2,721,0,0.11731843575418995
J48 capped,2,739,1,0.18421052631578946
J48 capped,2,741,0,0.11731843575418995
J48 capped,2,763,0,0.0
J48 five features,2,14,1,0.2631578947368421
J48 five features,2,52,0,0.009523809523809525
J48 five features,2,53,1,0.8840579710144928
J48 five features,2,54,0,0.6981132075471698
J48 five features,2,61,1,0.6981132075471698
J48 five features,2,70,1,0.11731843575418995
J48 five features,2,71,0,0.2631578947368421
J48 five features,2,77,0,0.11731843575418995
J48 five features,2,80,0,0.009523809523809525
J48 five features,2,81,0,0.11731843575418995
J48 five features,2,83,0,0.009523809523809525
J48 five features,2,94,0,0.2631578947368421
J48 five features,2,107,0,0.2631578947368421
J48 five features,2,112,0,0.11731843575418995
J48 five features,2,119,0,0.009523809523809525
J48 five features,2,133,0,0.6956521739130435
J48 five features,2,139,0,0.11731843575418995
J48 five features,2,143,1,0.6956521739130435
J48 five features,2,162,0,0.11731843575418995
J48 five features,2,163,0,0.11731843575418995
J48 five features,2,183,0,0.11731843575418995
J48 five features,2,201,0,0.6981132075471698
J48 five features,2,208,0,0.11731843575418995
J48 five features,2,213,1,0.3333333333333333
J48 five features,2,224,0,0.009523809523809525
J48 five features,2,228,0,0.8840579710144928
J48 five features,2,234,0,0.11731843575418995
J48 five features,2,258,0,0.8840579710144928
J48 five features,2,278,0,0.009523809523809525
J48 five features,2,287,1,0.11731843575418995
J48 five features,2,299,0,0.009523809523809525
J48 five features,2,302,0,0.18867924528301888
J48 five features,2,322,1,0.5806451612903226
J48 five features,2,326,1,0.5806451612903226
J48 five features,2,328,1,0.11731843575418995
J48 five features,2,330,0,0.009523809523809525
J48 five features,2,331,0,0.11731843575418995
J48 five features,2,337,1,0.5806451612903226
J48 five features,2,355,1,0.6981132075471698
J48 five features,2,388,1,0.6981132075471698
J48 five features,2,393,0,0.009523809523809525
J48 five features,2,396,0,0.009523809523809525
J48 five features,2,398,0,0.009523809523809525
J48 five features,2,404,1,0.8840579710144928
J48 five features,2,414,1,0.3333333333333333
J48 five features,2,422,0,0.11731843575418995
J48 five features,2,445,1,0.8840579710144928
J48 five features,2,455,1,0.8840579710144928
J48 five features,2,460,0,0.009523809523809525
J48 five features,2,465,0,0.009523809523809525
J48 five features,2,472,0,0.11731843575418995
J48 five features,2,475,0,0.2631578947368421
J48 five features,2,479,0,0.2631578947368421
J48 five features,2,487,0,0.8840579710144928
J48 five features,2,491,0,0.18867924528301888
J48 five features,2,493,1,0.5806451612903226
J48 five features,2,502,1,0.5806451612903226
J48 five features,2,516,1,0.6981132075471698
J48 five features,2,531,0,0.11731843575418995
J48 five features,2,532,0,0.11731843575418995
J48 five features,2,541,1,0.6981132075471698
J48 five features,2,554,0,0.11731843575418995
J48 five features,2,561,1,0.8840579710144928
J48 five features,2,565,0,0.009523809523809525
J48 five features,2,579,1,0.8840579710144928
J48 five features,2,615,0,0.009523809523809525
J48 five features,2,616,0,0.5806451612903226
J48 five features,2,632,0,0.009523809523809525
J48 five features,2,662,1,0.8840579710144928
J48 five features,2,671,0,0.009523809523809525
J48 five features,2,684,0,0.6981132075471698
J48 five features,2,693,1,0.6981132075471698
J48 five features,2,719,1,0.18867924528301888
J48 five features,2,721,0,0.11731843575418995
J48 five features,2,739,1,0.18867924528301888
J48 five features,2,741,0,0.11731843575418995
J48 five features,2,763,0,0.0
J48,3,7,0,0.6666666666666666
J48,3,15,1,0.6666666666666666
J48,3,18,0,0.25925925925925924
J48,3,19,1,0.5517241379310345
J48,3,24,1,0.6538461538461539
J48,3,29,0,0.5517241379310345
J48,3,30,0,0.25925925925925924
J48,3,31,1,0.8055555555555556
J48,3,35,0,0.0
J48,3,79,0,0.0
J48,3,96,0,0.10191082802547771
J48,3,103,0,0.10191082802547771
J48,3,130,1,0.8055555555555556
J48,3,138,0,0.6
J48,3,170,1,0.25925925925925924
J48,3,194,0,0.0
J48,3,197,1,0.0
J48,3,198,1,0.10191082802547771
J48,3,206,1,0.8055555555555556
J48,3,227,1,0.8055555555555556
J48,3,232,0,0.0
J48,3,245,1,0.8055555555555556
J48,3,246,0,0.6666666666666666
J48,3,252,0,0.0
J48,3,255,1,0.10191082802547771
J48,3,263,0,0.6538461538461539
J48,3,268,0,0.0
J48,3,275,0,0.10191082802547771
J48,3,283,1,0.8055555555555556
J48,3,285,0,0.125
J48,3,297,0,0.6
J48,3,301,1,0.32075471698113206
J48,3,309,1,0.32075471698113206
J48,3,315,0,0.10191082802547771
J48,3,325,0,0.8055555555555556
J48,3,367,0,0.0
J48,3,383,0,0.0
J48,3,384,0,0.125
J48,3,391,1,0.8055555555555556
J48,3,411,0,0.10191082802547771
J48,3,424,1,0.6538461538461539
J48,3,440,1,0.8055555555555556
J48,3,444,1,0.5517241379310345
J48,3,489,0,0.8055555555555556
J48,3,490,0,0.10191082802547771
J48,3,496,0,0.0
J48,3,499,0,0.6538461538461539
J48,3,504,0,0.14285714285714285
J48,3,512,0,0.0
J48,3,513,0,0.10191082802547771
J48,3,518,0,0.14285714285714285
J48,3,519,0,0.125
J48,3,521,0,0.32075471698113206
J48,3,528,0,0.10191082802547771
J48,3,530,0,0.10191082802547771
J48,3,534,0,0.10191082802547771
J48,3,551,0,0.10191082802547771
J48,3,552,0,0.5517241379310345
J48,3,566,0,0.10191082802547771
J48,3,567,0,0.14285714285714285
J48,3,577,1,0.10191082802547771
J48,3,600,0,0.10191082802547771
J48,3,607,0,0.0
J48,3,614,1,0.6538461538461539
J48,3,638,1,0.14285714285714285
J48,3,655,1,0.8055555555555556
J48,3,659,1,0.10191082802547771
J48,3,660,0,0.8055555555555556
J48,3,689,1,0.6538461538461539
J48,3,702,1,0.8055555555555556
J48,3,703,0,0.6538461538461539
J48,3,707,0,0.32075471698113206
J48,3,744,0,0.6538461538461539
J48,3,752,0,0.0
J48,3,759,1,0.8055555555555556
J48,3,762,0,0.0
J48,3,764,0,0.10191082802547771
Naive Bayes,3,7,0,0.744514895948993
Naive Bayes,3,15,1,0.3036280931434786
Naive Bayes,3,18,0,0.0912021776674454
Naive Bayes,3,19,1,0.06760609399543598
Naive Bayes,3,24,1,0.9859469126186884
Naive Bayes,3,29,0,0.5416608139563585
Naive Bayes,3,30,0,0.7007541906819221
Naive Bayes,3,31,1,0.8294530911355229
Naive Bayes,3,35,0,0.1593530172619253
Naive Bayes,3,79,0,0.09296284103966232
Naive Bayes,3,96,0,0.11332840674798882
Naive Bayes,3,103,0,0.005616447995432682
Naive Bayes,3,130,1,0.9325164269785238
Naive Bayes,3,138,0,0.3866516036765748
Naive Bayes,3,170,1,0.33448116923081317
Naive Bayes,3,194,0,0.20303264058092851
Naive Bayes,3,197,1,0.007448419003648753
Naive Bayes,3,198,1,0.05064149406621068
Naive Bayes,3,206,1,0.9989317574475759
Naive Bayes,3,227,1,0.8523391857859411
Naive Bayes,3,232,0,0.003980599272135951
Naive Bayes,3,245,1,0.9914952623540794
Naive Bayes,3,246,0,0.8136055051014548
Naive Bayes,3,252,0,0.0053427283716385955
Naive Bayes,3,255,1,0.2125370697521877
Naive Bayes,3,263,0,0.8509712436288532
Naive Bayes,3,268,0,0.0552746374052518
Naive Bayes,3,275,0,0.04837881512580065
Naive Bayes,3,283,1,0.9376225673788365
Naive Bayes,3,285,0,0.7923623938255756
Naive Bayes,3,297,0,0.378475289432971
Naive Bayes,3,301,1,0.6398767616742438
Naive Bayes,3,309,1,0.5107534838217249
Naive Bayes,3,315,0,0.04409746134421055
Naive Bayes,3,325,0,0.5925500310315908
Naive Bayes,3,367,0,0.02796763104744802
Naive Bayes,3,383,0,0.006076080242771823
Naive Bayes,3,384,0,0.019137417765970943
Naive Bayes,3,391,1,0.9534051282162782
Naive Bayes,3,411,0,0.35612298337728276
Naive Bayes,3,424,1,0.972260754254868
Naive Bayes,3,440,1,0.9813400391096753
Naive Bayes,3,444,1,0.28973264983497815
Naive Bayes,3,489,0,0.9938071380103459
Naive Bayes,3,490,0,0.020631633948561573
Naive Bayes,3,496,0,0.17632209421227224
Naive Bayes,3,499,0,0.8858042931958188
Naive Bayes,3,504,0,0.39028146394027513
Naive Bayes,3,512,0,0.41055861705721036
Naive Bayes,3,513,0,0.058951827225156635
Naive Bayes,3,518,0,0.7964292160044667
Naive Bayes,3,519,0,0.5006226838747818
Naive Bayes,3,521,0,0.46771668040220943
Naive Bayes,3,528,0,0.272409256966258
Naive Bayes,3,530,0,0.03199340153352994
Naive Bayes,3,534,0,0.012018036226177291
Naive Bayes,3,551,0,0.014400886338162609
Naive Bayes,3,552,0,0.5871715748594075
Naive Bayes,3,566,0,0.03128574279289417
Naive Bayes,3,567,0,0.41717285026718137
Naive Bayes,3,577,1,0.43381523315772685
Naive Bayes,3,600,0,0.10414893579845186
Naive Bayes,3,607,0,0.0025178229273230867
Naive Bayes,3,614,1,0.9804486458977802
Naive Bayes,3,638,1,0.1263657438495946
Naive Bayes,3,655,1,0.8699136923327611
Naive Bayes,3,659,1,0.018731754505064563
Naive Bayes,3,660,0,0.9719505672511329
Naive Bayes,3,689,1,0.9399027455702392
Naive Bayes,3,702,1,0.955443733329827
Naive Bayes,3,703,0,0.7131216713015288
Naive Bayes,3,707,0,0.47446742906142725
Naive Bayes,3,744,0,0.995952749964659
Naive Bayes,3,752,0,0.10466561202035826
Naive Bayes,3,759,1,0.9958574665350551
Naive Bayes,3,762,0,0.15713681958482603
Naive Bayes,3,764,0,0.44154120189985935
Logistic Regression,3,7,0,0.3754911644133978
Logistic Regression,3,15,1,0.1914984704158908
Logistic Regression,3,18,0,0.2274891307622483
Logistic Regression,3,19,1,0.177604743087564
Logistic Regression,3,24,1,0.7969056375915324
Logistic Regression,3,29,0,0.28427027998473764
Logistic Regression,3,30,0,0.43690738117017075
Logistic Regression,3,31,1,0.6756845347798531
Logistic Regression,3,35,0,0.20459714940190488
Logistic Regression,3,79,0,0.08310967087423216
Logistic Regression,3,96,0,0.0676437125602292
Logistic Regression,3,103,0,0.0201402445918447
Logistic Regression,3,130,1,0.6779841199196731
Logistic Regression,3,138,0,0.24801913250687468
Logistic Regression,3,170,1,0.1528668567019101
Logistic Regression,3,194,0,0.08634144636700725
Logistic Regression,3,197,1,0.06544279167243287
Logistic Regression,3,198,1,0.27260998789169594
Logistic Regression,3,206,1,0.9701452548055999
Logistic Regression,3,227,1,0.7366174653890739
Logistic Regression,3,232,0,0.021320543333821936
Logistic Regression,3,245,1,0.9267416088541214
Logistic Regression,3,246,0,0.4470434517529266
Logistic Regression,3,252,0,0.022650861059643725
Logistic Regression,3,255,1,0.1841266219852602
Logistic Regression,3,263,0,0.48682864315457747
Logistic Regression,3,268,0,0.04291411950112686
Logistic Regression,3,275,0,0.20929095084127133
Logistic Regression,3,283,1,0.643005298165019
Logistic Regression,3,285,0,0.5565546079501139
Logistic Regression,3,297,0,0.21081708984272432
Logistic Regression,3,301,1,0.44487811286995277
Logistic Regression,3,309,1,0.4088663183961077
Logistic Regression,3,315,0,0.1270702468592435
Logistic Regression,3,325,0,0.28735455492779893
Logistic Regression,3,367,0,0.029406311216933382
Logistic Regression,3,383,0,0.06162515639709246
Logistic Regression,3,384,0,0.0722860388074359
Logistic Regression,3,391,1,0.8383793756326658
Logistic Regression,3,411,0,0.22570105184194916
Logistic Regression,3,424,1,0.8664060484665356
Logistic Regression,3,440,1,0.7300202266892177
Logistic Regression,3,444,1,0.19529966707305038
Logistic Regression,3,489,0,0.9051661554741531
Logistic Regression,3,490,0,0.0855356164520627
Logistic Regression,3,496,0,0.13281785835354717
Logistic Regression,3,499,0,0.7262828954494113
Logistic Regression,3,504,0,0.18395754626502683
Logistic Regression,3,512,0,0.15555684291554162
Logistic Regression,3,513,0,0.06415285256748872
Logistic Regression,3,518,0,0.21367105608257408
Logistic Regression,3,519,0,0.31725541783920425
Logistic Regression,3,521,0,0.26516593381230186
Logistic Regression,3,528,0,0.17764995689774218
Logistic Regression,3,530,0,0.1664175223160898
Logistic Regression,3,534,0,0.0859714774608813
Logistic Regression,3,551,0,0.06553890562477814
Logistic Regression,3,552,0,0.27965248222592726
Logistic Regression,3,566,0,0.10884463963561268
Logistic Regression,3,567,0,0.1645724262897578
Logistic Regression,3,577,1,0.3952625583978059
Logistic Regression,3,600,0,0.07002471482241834
Logistic Regression,3,607,0,0.02245589811379048
Logistic Regression,3,614,1,0.8228281047420826
Logistic Regression,3,638,1,0.35667946202722284
Logistic Regression,3,655,1,0.6444307961626953
Logistic Regression,3,659,1,0.11128028595625666
Logistic Regression,3,660,0,0.7186362831736989
Logistic Regression,3,689,1,0.7583309866404901
Logistic Regression,3,702,1,0.7847932900608448
Logistic Regression,3,703,0,0.4232127881996104
Logistic Regression,3,707,0,0.2991984346050477
Logistic Regression,3,744,0,0.9525797950405278
Logistic Regression,3,752,0,0.08739425590413455
Logistic Regression,3,759,1,0.9104344530125107
Logistic Regression,3,762,0,0.07995957599864877
Logistic Regression,3,764,0,0.2780202191839795
J48 reference,3,7,0,0.8333333333333334
J48 reference,3,15,1,0.8846153846153846
J48 reference,3,18,0,0.0
J48 reference,3,19,1,0.0
J48 reference,3,24,1,0.4473684210526316
J48 reference,3,29,0,0.5238095238095238
J48 reference,3,30,0,0.5238095238095238
J48 reference,3,31,1,0.8055555555555556
J48 reference,3,35,0,0.0
J48 reference,3,79,0,0.0
J48 reference,3,96,0,0.10191082802547771
J48 reference,3,103,0,0.10191082802547771
J48 reference,3,130,1,0.8055555555555556
J48 reference,3,138,0,0.10714285714285714
J48 reference,3,170,1,0.07692307692307693
J48 reference,3,194,0,0.0
J48 reference,3,197,1,0.0
J48 reference,3,198,1,0.10191082802547771
J48 reference,3,206,1,0.8055555555555556
J48 reference,3,227,1,0.8055555555555556
J48 reference,3,232,0,0.0
J48 reference,3,245,1,0.8055555555555556
J48 reference,3,246,0,0.8846153846153846
J48 reference,3,252,0,0.0
J48 reference,3,255,1,0.10191082802547771
J48 reference,3,263,0,0.9166666666666666
J48 reference,3,268,0,0.0
J48 reference,3,275,0,0.10191082802547771
J48 reference,3,283,1,0.8055555555555556
J48 reference,3,285,0,0.125
J48 reference,3,297,0,0.10714285714285714
J48 reference,3,301,1,0.0
J48 reference,3,309,1,1.0
J48 reference,3,315,0,0.10191082802547771
J48 reference,3,325,0,0.8055555555555556
J48 reference,3,367,0,0.0
J48 reference,3,383,0,0.0
J48 reference,3,384,0,0.125
J48 reference,3,391,1,0.8055555555555556
J48 reference,3,411,0,0.10191082802547771
J48 reference,3,424,1,1.0
J48 reference,3,440,1,0.8055555555555556
J48 reference,3,444,1,0.5238095238095238
J48 reference,3,489,0,0.8055555555555556
J48 reference,3,490,0,0.10191082802547771
J48 reference,3,496,0,0.0
J48 reference,3,499,0,0.8181818181818182
J48 reference,3,504,0,0.07692307692307693
J48 reference,3,512,0,0.0
J48 reference,3,513,0,0.10191082802547771
J48 reference,3,518,0,0.05263157894736842
J48 reference,3,519,0,0.125
J48 reference,3,521,0,0.10714285714285714
J48 reference,3,528,0,0.10191082802547771
J48 reference,3,530,0,0.10191082802547771
J48 reference,3,534,0,0.10191082802547771
J48 reference,3,551,0,0.10191082802547771
J48 reference,3,552,0,0.5238095238095238
J48 reference,3,566,0,0.10191082802547771
J48 reference,3,567,0,0.8333333333333334
J48 reference,3,577,1,0.10191082802547771
J48 reference,3,600,0,0.10191082802547771
J48 reference,3,607,0,0.0
J48 reference,3,614,1,1.0
J48 reference,3,638,1,0.0
J48 reference,3,655,1,0.8055555555555556
J48 reference,3,659,1,0.10191082802547771
J48 reference,3,660,0,0.8055555555555556
J48 reference,3,689,1,0.9166666666666666
J48 reference,3,702,1,0.8055555555555556
J48 reference,3,703,0,0.9166666666666666
J48 reference,3,707,0,1.0
J48 reference,3,744,0,1.0
J48 reference,3,752,0,0.0
J48 reference,3,759,1,0.8055555555555556
J48 reference,3,762,0,0.0
J48 reference,3,764,0,0.10191082802547771
J48 zeros untreated,3,7,0,1.0
J48 zeros untreated,3,15,1,1.0
J48 zeros untreated,3,18,0,0.23255813953488372
J48 zeros untreated,3,19,1,0.5833333333333334
J48 zeros untreated,3,24,1,0.4883720930232558
J48 zeros untreated,3,29,0,0.5833333333333334
J48 zeros untreated,3,30,0,0.5833333333333334
J48 zeros untreated,3,31,1,0.8055555555555556
J48 zeros untreated,3,35,0,0.009009009009009009
J48 zeros untreated,3,79,0,0.009009009009009009
J48 zeros untreated,3,96,0,0.10778443113772455
J48 zeros untreated,3,103,0,0.10778443113772455
J48 zeros untreated,3,130,1,0.8055555555555556
J48 zeros untreated,3,138,0,0.3442622950819672
J48 zeros untreated,3,170,1,0.23255813953488372
J48 zeros untreated,3,194,0,0.009009009009009009
J48 zeros untreated,3,197,1,0.009009009009009009
J48 zeros untreated,3,198,1,0.10778443113772455
J48 zeros untreated,3,206,1,0.8055555555555556
J48 zeros untreated,3,227,1,0.8055555555555556
J48 zeros untreated,3,232,0,0.009009009009009009
J48 zeros untreated,3,245,1,0.8055555555555556
J48 zeros untreated,3,246,0,0.8571428571428571
J48 zeros untreated,3,252,0,0.009009009009009009
J48 zeros untreated,3,255,1,0.10778443113772455
J48 zeros untreated,3,263,0,0.4883720930232558
J48 zeros untreated,3,268,0,0.009009009009009009
J48 zeros untreated,3,275,0,0.10778443113772455
J48 zeros untreated,3,283,1,0.8055555555555556
J48 zeros untreated,3,285,0,0.15789473684210525
J48 zeros untreated,3,297,0,0.3442622950819672
J48 zeros untreated,3,301,1,0.3442622950819672
J48 zeros untreated,3,309,1,0.3442622950819672
J48 zeros untreated,3,315,0,0.10778443113772455
J48 zeros untreated,3,325,0,0.8055555555555556
J48 zeros untreated,3,367,0,0.009009009009009009
J48 zeros untreated,3,383,0,0.009009009009009009
J48 zeros untreated,3,384,0,0.15789473684210525
J48 zeros untreated,3,391,1,0.8055555555555556
J48 zeros untreated,3,411,0,0.10778443113772455
J48 zeros untreated,3,424,1,1.0
J48 zeros untreated,3,440,1,0.8055555555555556
J48 zeros untreated,3,444,1,0.10778443113772455
J48 zeros untreated,3,489,0,0.8055555555555556
J48 zeros untreated,3,490,0,0.10778443113772455
J48 zeros untreated,3,496,0,0.009009009009009009
J48 zeros untreated,3,499,0,1.0
J48 zeros untreated,3,504,0,0.23255813953488372
J48 zeros untreated,3,512,0,0.009009009009009009
J48 zeros untreated,3,513,0,0.10778443113772455
J48 zeros untreated,3,518,0,0.0
J48 zeros untreated,3,519,0,0.15789473684210525
J48 zeros untreated,3,521,0,0.3442622950819672
J48 zeros untreated,3,528,0,0.10778443113772455
J48 zeros untreated,3,530,0,0.10778443113772455
J48 zeros untreated,3,534,0,0.10778443113772455
J48 zeros untreated,3,551,0,0.10778443113772455
J48 zeros untreated,3,552,0,0.5833333333333334
J48 zeros untreated,3,566,0,0.10778443113772455
J48 zeros untreated,3,567,0,0.23255813953488372
J48 zeros untreated,3,577,1,0.10778443113772455
J48 zeros untreated,3,600,0,0.10778443113772455
J48 zeros untreated,3,607,0,0.009009009009009009
J48 zeros untreated,3,614,1,1.0
J48 zeros untreated,3,638,1,1.0
J48 zeros untreated,3,655,1,0.8055555555555556
J48 zeros untreated,3,659,1,0.10778443113772455
J48 zeros untreated,3,660,0,0.8055555555555556
J48 zeros untreated,3,689,1,0.4883720930232558
J48 zeros untreated,3,702,1,0.8055555555555556
J48 zeros untreated,3,703,0,1.0
J48 zeros untreated,3,707,0,0.3442622950819672
J48 zeros untreated,3,744,0,0.0
J48 zeros untreated,3,752,0,0.009009009009009009
J48 zeros untreated,3,759,1,0.8055555555555556
J48 zeros untreated,3,762,0,0.009009009009009009
J48 zeros untreated,3,764,0,0.10778443113772455
J48 unpruned,3,7,0,0.8
J48 unpruned,3,15,1,0.8846153846153846
J48 unpruned,3,18,0,0.0
J48 unpruned,3,19,1,0.0
J48 unpruned,3,24,1,0.4473684210526316
J48 unpruned,3,29,0,0.5238095238095238
J48 unpruned,3,30,0,0.5238095238095238
J48 unpruned,3,31,1,0.8055555555555556
J48 unpruned,3,35,0,0.0
J48 unpruned,3,79,0,0.0
J48 unpruned,3,96,0,0.10191082802547771
J48 unpruned,3,103,0,0.10191082802547771
J48 unpruned,3,130,1,0.8055555555555556
J48 unpruned,3,138,0,0.10714285714285714
J48 unpruned,3,170,1,0.0
J48 unpruned,3,194,0,0.0
J48 unpruned,3,197,1,0.0
J48 unpruned,3,198,1,0.10191082802547771
J48 unpruned,3,206,1,0.8055555555555556
J48 unpruned,3,227,1,0.8055555555555556
J48 unpruned,3,232,0,0.0
J48 unpruned,3,245,1,0.8055555555555556
J48 unpruned,3,246,0,0.8846153846153846
J48 unpruned,3,252,0,0.0
J48 unpruned,3,255,1,0.10191082802547771
J48 unpruned,3,263,0,0.9166666666666666
J48 unpruned,3,268,0,0.0
J48 unpruned,3,275,0,0.10191082802547771
J48 unpruned,3,283,1,0.8055555555555556
J48 unpruned,3,285,0,0.0
J48 unpruned,3,297,0,0.10714285714285714
J48 unpruned,3,301,1,0.0
J48 unpruned,3,309,1,1.0
J48 unpruned,3,315,0,0.10191082802547771
J48 unpruned,3,325,0,0.8055555555555556
J48 unpruned,3,367,0,0.0
J48 unpruned,3,383,0,0.0
J48 unpruned,3,384,0,0.0
J48 unpruned,3,391,1,0.8055555555555556
J48 unpruned,3,411,0,0.10191082802547771
J48 unpruned,3,424,1,1.0
J48 unpruned,3,440,1,0.8055555555555556
J48 unpruned,3,444,1,0.5238095238095238
J48 unpruned,3,489,0,0.8055555555555556
J48 unpruned,3,490,0,0.10191082802547771
J48 unpruned,3,496,0,0.0
J48 unpruned,3,499,0,1.0
J48 unpruned,3,504,0,0.0
J48 unpruned,3,512,0,0.0
J48 unpruned,3,513,0,0.10191082802547771
J48 unpruned,3,518,0,0.05263157894736842
J48 unpruned,3,519,0,0.0
J48 unpruned,3,521,0,0.10714285714285714
J48 unpruned,3,528,0,0.10191082802547771
J48 unpruned,3,530,0,0.10191082802547771
J48 unpruned,3,534,0,0.10191082802547771
J48 unpruned,3,551,0,0.10191082802547771
J48 unpruned,3,552,0,0.5238095238095238
J48 unpruned,3,566,0,0.10191082802547771
J48 unpruned,3,567,0,0.8
J48 unpruned,3,577,1,0.10191082802547771
J48 unpruned,3,600,0,0.10191082802547771
J48 unpruned,3,607,0,0.0
J48 unpruned,3,614,1,1.0
J48 unpruned,3,638,1,0.0
J48 unpruned,3,655,1,0.8055555555555556
J48 unpruned,3,659,1,0.10191082802547771
J48 unpruned,3,660,0,0.8055555555555556
J48 unpruned,3,689,1,0.9166666666666666
J48 unpruned,3,702,1,0.8055555555555556
J48 unpruned,3,703,0,0.9166666666666666
J48 unpruned,3,707,0,1.0
J48 unpruned,3,744,0,1.0
J48 unpruned,3,752,0,0.0
J48 unpruned,3,759,1,0.8055555555555556
J48 unpruned,3,762,0,0.0
J48 unpruned,3,764,0,0.10191082802547771
J48 SMOTE,3,7,0,0.8061224489795918
J48 SMOTE,3,15,1,0.7894736842105263
J48 SMOTE,3,18,0,0.2916666666666667
J48 SMOTE,3,19,1,0.0
J48 SMOTE,3,24,1,0.8061224489795918
J48 SMOTE,3,29,0,0.8061224489795918
J48 SMOTE,3,30,0,0.8666666666666667
J48 SMOTE,3,31,1,0.0
J48 SMOTE,3,35,0,0.0
J48 SMOTE,3,79,0,0.0
J48 SMOTE,3,96,0,0.0
J48 SMOTE,3,103,0,0.0
J48 SMOTE,3,130,1,0.9291338582677166
J48 SMOTE,3,138,0,0.8061224489795918
J48 SMOTE,3,170,1,0.0
J48 SMOTE,3,194,0,0.0
J48 SMOTE,3,197,1,0.0
J48 SMOTE,3,198,1,0.2916666666666667
J48 SMOTE,3,206,1,0.9291338582677166
J48 SMOTE,3,227,1,0.9291338582677166
J48 SMOTE,3,232,0,0.0
J48 SMOTE,3,245,1,0.9291338582677166
J48 SMOTE,3,246,0,0.8061224489795918
J48 SMOTE,3,252,0,0.0
J48 SMOTE,3,255,1,0.020833333333333332
J48 SMOTE,3,263,0,0.8061224489795918
J48 SMOTE,3,268,0,0.0
J48 SMOTE,3,275,0,0.2916666666666667
J48 SMOTE,3,283,1,0.9291338582677166
J48 SMOTE,3,285,0,0.06818181818181818
J48 SMOTE,3,297,0,0.0
J48 SMOTE,3,301,1,0.7954545454545454
J48 SMOTE,3,309,1,0.8061224489795918
J48 SMOTE,3,315,0,0.2916666666666667
J48 SMOTE,3,325,0,1.0
J48 SMOTE,3,367,0,0.0
J48 SMOTE,3,383,0,0.0
J48 SMOTE,3,384,0,0.06818181818181818
J48 SMOTE,3,391,1,0.9291338582677166
J48 SMOTE,3,411,0,0.2916666666666667
J48 SMOTE,3,424,1,0.8061224489795918
J48 SMOTE,3,440,1,0.9291338582677166
J48 SMOTE,3,444,1,0.8061224489795918
J48 SMOTE,3,489,0,1.0
J48 SMOTE,3,490,0,0.0
J48 SMOTE,3,496,0,0.0
J48 SMOTE,3,499,0,0.8061224489795918
J48 SMOTE,3,504,0,0.8666666666666667
J48 SMOTE,3,512,0,0.0
J48 SMOTE,3,513,0,0.020833333333333332
J48 SMOTE,3,518,0,1.0
J48 SMOTE,3,519,0,0.06818181818181818
J48 SMOTE,3,521,0,1.0
J48 SMOTE,3,528,0,0.1111111111111111
J48 SMOTE,3,530,0,0.0
J48 SMOTE,3,534,0,0.0
J48 SMOTE,3,551,0,1.0
J48 SMOTE,3,552,0,0.0
J48 SMOTE,3,566,0,0.020833333333333332
J48 SMOTE,3,567,0,0.0
J48 SMOTE,3,577,1,1.0
J48 SMOTE,3,600,0,0.0
J48 SMOTE,3,607,0,0.0
J48 SMOTE,3,614,1,0.8061224489795918
J48 SMOTE,3,638,1,0.7894736842105263
J48 SMOTE,3,655,1,0.0
J48 SMOTE,3,659,1,0.0
J48 SMOTE,3,660,0,0.25
J48 SMOTE,3,689,1,0.8061224489795918
J48 SMOTE,3,702,1,0.9291338582677166
J48 SMOTE,3,703,0,0.8061224489795918
J48 SMOTE,3,707,0,0.0
J48 SMOTE,3,744,0,0.8061224489795918
J48 SMOTE,3,752,0,0.0
J48 SMOTE,3,759,1,0.9291338582677166
J48 SMOTE,3,762,0,0.0
J48 SMOTE,3,764,0,0.1111111111111111
J48 capped,3,7,0,0.8
J48 capped,3,15,1,0.62
J48 capped,3,18,0,0.0
J48 capped,3,19,1,0.0
J48 capped,3,24,1,0.4473684210526316
J48 capped,3,29,0,0.62
J48 capped,3,30,0,0.62
J48 capped,3,31,1,0.8055555555555556
J48 capped,3,35,0,0.0
J48 capped,3,79,0,0.0
J48 capped,3,96,0,0.10191082802547771
J48 capped,3,103,0,0.10191082802547771
J48 capped,3,130,1,0.8055555555555556
J48 capped,3,138,0,0.10714285714285714
J48 capped,3,170,1,0.0
J48 capped,3,194,0,0.0
J48 capped,3,197,1,0.0
J48 capped,3,198,1,0.10191082802547771
J48 capped,3,206,1,0.8055555555555556
J48 capped,3,227,1,0.8055555555555556
J48 capped,3,232,0,0.0
J48 capped,3,245,1,0.8055555555555556
J48 capped,3,246,0,0.62
J48 capped,3,252,0,0.0
J48 capped,3,255,1,0.10191082802547771
J48 capped,3,263,0,0.9166666666666666
J48 capped,3,268,0,0.0
J48 capped,3,275,0,0.10191082802547771
J48 capped,3,283,1,0.8055555555555556
J48 capped,3,285,0,0.125
J48 capped,3,297,0,0.10714285714285714
J48 capped,3,301,1,0.13333333333333333
J48 capped,3,309,1,1.0
J48 capped,3,315,0,0.10191082802547771
J48 capped,3,325,0,0.8055555555555556
J48 capped,3,367,0,0.0
J48 capped,3,383,0,0.0
J48 capped,3,384,0,0.125
J48 capped,3,391,1,0.8055555555555556
J48 capped,3,411,0,0.10191082802547771
J48 capped,3,424,1,1.0
J48 capped,3,440,1,0.8055555555555556
J48 capped,3,444,1,0.62
J48 capped,3,489,0,0.8055555555555556
J48 capped,3,490,0,0.10191082802547771
J48 capped,3,496,0,0.0
J48 capped,3,499,0,0.8181818181818182
J48 capped,3,504,0,0.0
J48 capped,3,512,0,0.0
J48 capped,3,513,0,0.10191082802547771
J48 capped,3,518,0,0.05263157894736842
J48 capped,3,519,0,0.125
J48 capped,3,521,0,0.10714285714285714
J48 capped,3,528,0,0.10191082802547771
J48 capped,3,530,0,0.10191082802547771
J48 capped,3,534,0,0.10191082802547771
J48 capped,3,551,0,0.10191082802547771
J48 capped,3,552,0,0.62
J48 capped,3,566,0,0.10191082802547771
J48 capped,3,567,0,0.8
J48 capped,3,577,1,0.10191082802547771
J48 capped,3,600,0,0.10191082802547771
J48 capped,3,607,0,0.0
J48 capped,3,614,1,1.0
J48 capped,3,638,1,0.0
J48 capped,3,655,1,0.8055555555555556
J48 capped,3,659,1,0.10191082802547771
J48 capped,3,660,0,0.8055555555555556
J48 capped,3,689,1,0.9166666666666666
J48 capped,3,702,1,0.8055555555555556
J48 capped,3,703,0,0.9166666666666666
J48 capped,3,707,0,0.6666666666666666
J48 capped,3,744,0,1.0
J48 capped,3,752,0,0.0
J48 capped,3,759,1,0.8055555555555556
J48 capped,3,762,0,0.0
J48 capped,3,764,0,0.10191082802547771
J48 five features,3,7,0,0.75
J48 five features,3,15,1,0.75
J48 five features,3,18,0,0.4107142857142857
J48 five features,3,19,1,0.4107142857142857
J48 five features,3,24,1,0.6538461538461539
J48 five features,3,29,0,0.4107142857142857
J48 five features,3,30,0,0.4107142857142857
J48 five features,3,31,1,0.8055555555555556
J48 five features,3,35,0,0.0
J48 five features,3,79,0,0.0
J48 five features,3,96,0,0.10191082802547771
J48 five features,3,103,0,0.10191082802547771
J48 five features,3,130,1,0.8055555555555556
J48 five features,3,138,0,0.31666666666666665
J48 five features,3,170,1,0.4107142857142857
J48 five features,3,194,0,0.0
J48 five features,3,197,1,0.0
J48 five features,3,198,1,0.10191082802547771
J48 five features,3,206,1,0.8055555555555556
J48 five features,3,227,1,0.8055555555555556
J48 five features,3,232,0,0.0
J48 five features,3,245,1,0.8055555555555556
J48 five features,3,246,0,0.75
J48 five features,3,252,0,0.0
J48 five features,3,255,1,0.10191082802547771
J48 five features,3,263,0,0.6538461538461539
J48 five features,3,268,0,0.0
J48 five features,3,275,0,0.10191082802547771
J48 five features,3,283,1,0.8055555555555556
J48 five features,3,285,0,0.125
J48 five features,3,297,0,0.31666666666666665
J48 five features,3,301,1,0.31666666666666665
J48 five features,3,309,1,0.31666666666666665
J48 five features,3,315,0,0.10191082802547771
J48 five features,3,325,0,0.8055555555555556
J48 five features,3,367,0,0.0
J48 five features,3,383,0,0.0
J48 five features,3,384,0,0.125
J48 five features,3,391,1,0.8055555555555556
J48 five features,3,411,0,0.10191082802547771
J48 five features,3,424,1,0.6538461538461539
J48 five features,3,440,1,0.8055555555555556
J48 five features,3,444,1,0.4107142857142857
J48 five features,3,489,0,0.8055555555555556
J48 five features,3,490,0,0.10191082802547771
J48 five features,3,496,0,0.0
J48 five features,3,499,0,0.6538461538461539
J48 five features,3,504,0,0.14285714285714285
J48 five features,3,512,0,0.0
J48 five features,3,513,0,0.10191082802547771
J48 five features,3,518,0,0.14285714285714285
J48 five features,3,519,0,0.125
J48 five features,3,521,0,0.31666666666666665
J48 five features,3,528,0,0.10191082802547771
J48 five features,3,530,0,0.10191082802547771
J48 five features,3,534,0,0.10191082802547771
J48 five features,3,551,0,0.10191082802547771
J48 five features,3,552,0,0.4107142857142857
J48 five features,3,566,0,0.10191082802547771
J48 five features,3,567,0,0.14285714285714285
J48 five features,3,577,1,0.10191082802547771
J48 five features,3,600,0,0.10191082802547771
J48 five features,3,607,0,0.0
J48 five features,3,614,1,0.6538461538461539
J48 five features,3,638,1,0.14285714285714285
J48 five features,3,655,1,0.8055555555555556
J48 five features,3,659,1,0.10191082802547771
J48 five features,3,660,0,0.8055555555555556
J48 five features,3,689,1,0.6538461538461539
J48 five features,3,702,1,0.8055555555555556
J48 five features,3,703,0,0.6538461538461539
J48 five features,3,707,0,0.31666666666666665
J48 five features,3,744,0,0.6538461538461539
J48 five features,3,752,0,0.0
J48 five features,3,759,1,0.8055555555555556
J48 five features,3,762,0,0.0
J48 five features,3,764,0,0.10191082802547771
J48,4,10,0,0.5612244897959183
J48,4,17,1,0.5612244897959183
J48,4,38,1,0.12048192771084337
J48,4,43,1,0.8518518518518519
J48,4,44,0,0.5151515151515151
J48,4,49,0,0.12048192771084337
J48,4,68,0,0.009259259259259259
J48,4,93,1,0.14285714285714285
J48,4,106,0,0.009259259259259259
J48,4,114,1,0.8518518518518519
J48,4,123,0,0.14285714285714285
J48,4,124,1,0.12048192771084337
J48,4,127,0,0.12048192771084337
J48,4,161,0,0.10714285714285714
J48,4,168,0,0.5612244897959183
J48,4,186,1,0.8518518518518519
J48,4,187,1,0.62
J48,4,207,1,0.8518518518518519
J48,4,226,0,0.12048192771084337
J48,4,240,0,0.12048192771084337
J48,4,253,0,0.12048192771084337
J48,4,266,1,0.62
J48,4,273,0,0.12048192771084337
J48,4,279,0,0.009259259259259259
J48,4,314,1,0.5612244897959183
J48,4,324,0,0.12048192771084337
J48,4,338,1,0.7916666666666666
J48,4,343,0,0.5612244897959183
J48,4,358,0,0.10714285714285714
J48,4,373,0,0.12048192771084337
J48,4,375,1,0.7916666666666666
J48,4,376,0,0.009259259259259259
J48,4,385,0,0.009259259259259259
J48,4,387,1,0.5612244897959183
J48,4,421,0,0.009259259259259259
J48,4,426,0,0.12048192771084337
J48,4,431,0,0.10714285714285714
J48,4,432,0,0.12048192771084337
J48,4,433,0,0.14285714285714285
J48,4,471,0,0.62
J48,4,474,0,0.12048192771084337
J48,4,482,0,0.12048192771084337
J48,4,485,1,0.42424242424242425
J48,4,506,1,0.8518518518518519
J48,4,527,0,0.009259259259259259
J48,4,540,1,0.5612244897959183
J48,4,544,0,0.10714285714285714
J48,4,553,0,0.12048192771084337
J48,4,555,0,0.009259259259259259
J48,4,560,1,0.5612244897959183
J48,4,572,0,0.12048192771084337
J48,4,585,0,0.009259259259259259
J48,4,595,1,0.8518518518518519
J48,4,598,1,0.8518518518518519
J48,4,599,0,0.009259259259259259
J48,4,601,0,0.009259259259259259
J48,4,606,1,0.8518518518518519
J48,4,609,0,0.009259259259259259
J48,4,627,0,0.62
J48,4,629,0,0.009259259259259259
J48,4,633,0,0.14285714285714285
J48,4,652,0,0.12048192771084337
J48,4,656,0,0.009259259259259259
J48,4,661,1,0.8518518518518519
J48,4,688,0,0.14285714285714285
J48,4,695,1,0.42424242424242425
J48,4,699,0,0.12048192771084337
J48,4,705,0,0.12048192771084337
J48,4,724,0,0.5612244897959183
J48,4,727,0,0.62
J48,4,729,0,0.12048192771084337
J48,4,738,0,0.12048192771084337
J48,4,748,1,0.8518518518518519
J48,4,749,1,0.5151515151515151
J48,4,761,1,0.8518518518518519
J48,4,766,1,0.5612244897959183
J48,4,767,0,0.12048192771084337
Naive Bayes,4,10,0,0.4800576485479135
Naive Bayes,4,17,1,0.28687367259766566
Naive Bayes,4,38,1,0.2263869018717702
Naive Bayes,4,43,1,0.9974038517385349
Naive Bayes,4,44,0,0.7789546524222357
Naive Bayes,4,49,0,0.26455003572708646
Naive Bayes,4,68,0,0.00044839213930603013
Naive Bayes,4,93,1,0.3653305113910717
Naive Bayes,4,106,0,0.052359279471873986
Naive Bayes,4,114,1,0.9168916474714587
Naive Bayes,4,123,0,0.5286037709949419
Naive Bayes,4,124,1,0.20068085066818137
Naive Bayes,4,127,0,0.055556422454919645
Naive Bayes,4,161,0,0.2995790175652205
Naive Bayes,4,168,0,0.2344019804392323
Naive Bayes,4,186,1,0.9925403290881496
Naive Bayes,4,187,1,0.6736021163853052
Naive Bayes,4,207,1,0.9659274177821457
Naive Bayes,4,226,0,0.1868276596652523
Naive Bayes,4,240,0,0.023177627168800195
Naive Bayes,4,253,0,0.11188559166453611
Naive Bayes,4,266,1,0.7301017965525323
Naive Bayes,4,273,0,0.020899472467667136
Naive Bayes,4,279,0,0.023481507904450746
Naive Bayes,4,314,1,0.8887925836974887
Naive Bayes,4,324,0,0.2505336817138297
Naive Bayes,4,338,1,0.9846293018858231
Naive Bayes,4,343,0,0.5908177976295417
Naive Bayes,4,358,0,0.5168426984014787
Naive Bayes,4,373,0,0.04550001173148146
Naive Bayes,4,375,1,0.9926082022100532
Naive Bayes,4,376,0,0.0019098856352253455
Naive Bayes,4,385,0,0.0009831992564752225
Naive Bayes,4,387,1,0.8633245958892832
Naive Bayes,4,421,0,0.0030155344666556445
Naive Bayes,4,426,0,0.0974027861166073
Naive Bayes,4,431,0,0.009762695474920572
Naive Bayes,4,432,0,0.002037518298670835
Naive Bayes,4,433,0,0.28291029478565477
Naive Bayes,4,471,0,0.4233215220086736
Naive Bayes,4,474,0,0.11825752800672708
Naive Bayes,4,482,0,0.0052061988456714395
Naive Bayes,4,485,1,0.7463508833929728
Naive Bayes,4,506,1,0.849130519149687
Naive Bayes,4,527,0,0.004502810060543076
Naive Bayes,4,540,1,0.8672614970025184
Naive Bayes,4,544,0,0.035179487451059165
Naive Bayes,4,553,0,0.007549782861428772
Naive Bayes,4,555,0,0.5238163088087934
Naive Bayes,4,560,1,0.6830565957961624
Naive Bayes,4,572,0,0.028423622458473304
Naive Bayes,4,585,0,0.0016701401491257977
Naive Bayes,4,595,1,0.8256520931084735
Naive Bayes,4,598,1,0.9302949207589595
Naive Bayes,4,599,0,0.001942420832445596
Naive Bayes,4,601,0,0.06568402529403762
Naive Bayes,4,606,1,0.9952930178812011
Naive Bayes,4,609,0,0.008614598867294508
Naive Bayes,4,627,0,0.34889338206155246
Naive Bayes,4,629,0,0.013570178187327715
Naive Bayes,4,633,0,0.08298267349533599
Naive Bayes,4,652,0,0.2205305848104813
Naive Bayes,4,656,0,0.0051515512072212106
Naive Bayes,4,661,1,0.9976484776155637
Naive Bayes,4,688,0,0.39914424814870847
Naive Bayes,4,695,1,0.8334814997180219
Naive Bayes,4,699,0,0.7126329401784015
Naive Bayes,4,705,0,0.34031807450388624
Naive Bayes,4,724,0,0.44861212661274436
Naive Bayes,4,727,0,0.4480160263453539
Naive Bayes,4,729,0,0.02916846047581729
Naive Bayes,4,738,0,0.04904534622305789
Naive Bayes,4,748,1,0.9688420723821097
Naive Bayes,4,749,1,0.6950842656428993
Naive Bayes,4,761,1,0.9907669176986604
Naive Bayes,4,766,1,0.3200975897536642
Naive Bayes,4,767,0,0.07818615251558994
Logistic Regression,4,10,0,0.3366782209585807
Logistic Regression,4,17,1,0.2884547941994339
Logistic Regression,4,38,1,0.28678228287019836
Logistic Regression,4,43,1,0.9656592831919527
Logistic Regression,4,44,0,0.7065944705280478
Logistic Regression,4,49,0,0.322205496539347
Logistic Regression,4,68,0,0.04341071020892338
Logistic Regression,4,93,1,0.375942095160234
Logistic Regression,4,106,0,0.05517655137914872
Logistic Regression,4,114,1,0.8482325319650631
Logistic Regression,4,123,0,0.4250671417964617
Logistic Regression,4,124,1,0.22341025808554144
Logistic Regression,4,127,0,0.28787148945452207
Logistic Regression,4,161,0,0.40811755711623565
Logistic Regression,4,168,0,0.330859723927242
Logistic Regression,4,186,1,0.9361295592531329
Logistic Regression,4,187,1,0.5313319879820974
Logistic Regression,4,207,1,0.7836878362644472
Logistic Regression,4,226,0,0.1812227579878227
Logistic Regression,4,240,0,0.09059893798734976
Logistic Regression,4,253,0,0.1320427570134896
Logistic Regression,4,266,1,0.6280296113471696
Logistic Regression,4,273,0,0.08079356351960051
Logistic Regression,4,279,0,0.22762502365637471
Logistic Regression,4,314,1,0.6469940791335371
Logistic Regression,4,324,0,0.27920042911634235
Logistic Regression,4,338,1,0.8883445105430058
Logistic Regression,4,343,0,0.4425333683122007
Logistic Regression,4,358,0,0.4380503936934882
Logistic Regression,4,373,0,0.2563918840888756
Logistic Regression,4,375,1,0.9151476155631723
Logistic Regression,4,376,0,0.056846389977537146
Logistic Regression,4,385,0,0.10928204854967326
Logistic Regression,4,387,1,0.572372526961257
Logistic Regression,4,421,0,0.09355840396131675
Logistic Regression,4,426,0,0.12482392867634813
Logistic Regression,4,431,0,0.1302706706297971
Logistic Regression,4,432,0,0.06605834648230907
Logistic Regression,4,433,0,0.30752495786535644
Logistic Regression,4,471,0,0.40709830834969146
Logistic Regression,4,474,0,0.23637834903451904
Logistic Regression,4,482,0,0.09466490820844455
Logistic Regression,4,485,1,0.6783581204331985
Logistic Regression,4,506,1,0.7589073081560037
Logistic Regression,4,527,0,0.13308865873097966
Logistic Regression,4,540,1,0.6443120833423399
Logistic Regression,4,544,0,0.10655695653647712
Logistic Regression,4,553,0,0.09492240628176768
Logistic Regression,4,555,0,0.39116044443891085
Logistic Regression,4,560,1,0.5011016504073548
Logistic Regression,4,572,0,0.24046682196657562
Logistic Regression,4,585,0,0.06634481769222227
Logistic Regression,4,595,1,0.8178863588015216
Logistic Regression,4,598,1,0.7626338911260933
Logistic Regression,4,599,0,0.12557844073957164
Logistic Regression,4,601,0,0.12462593317364856
Logistic Regression,4,606,1,0.9514018123902223
Logistic Regression,4,609,0,0.115255217236151
Logistic Regression,4,627,0,0.3558114482370772
Logistic Regression,4,629,0,0.09008827446814253
Logistic Regression,4,633,0,0.2129557513499341
Logistic Regression,4,652,0,0.44454006972322085
Logistic Regression,4,656,0,0.07999949732302043
Logistic Regression,4,661,1,0.9754068278970058
Logistic Regression,4,688,0,0.4244894359623316
Logistic Regression,4,695,1,0.5807504847396807
Logistic Regression,4,699,0,0.7235862016309007
Logistic Regression,4,705,0,0.24206290936801222
Logistic Regression,4,724,0,0.23331796035327387
Logistic Regression,4,727,0,0.41950007398370476
Logistic Regression,4,729,0,0.12251648627089572
Logistic Regression,4,738,0,0.2755421146212103
Logistic Regression,4,748,1,0.9022091502857867
Logistic Regression,4,749,1,0.6467603353147517
Logistic Regression,4,761,1,0.9494272408904573
Logistic Regression,4,766,1,0.36333356703564745
Logistic Regression,4,767,0,0.12480562259023648
J48 reference,4,10,0,0.5862068965517241
J48 reference,4,17,1,0.5862068965517241
J48 reference,4,38,1,0.12048192771084337
J48 reference,4,43,1,0.8518518518518519
J48 reference,4,44,0,0.5862068965517241
J48 reference,4,49,0,0.12048192771084337
J48 reference,4,68,0,0.009259259259259259
J48 reference,4,93,1,0.14285714285714285
J48 reference,4,106,0,0.009259259259259259
J48 reference,4,114,1,0.8518518518518519
J48 reference,4,123,0,0.14285714285714285
J48 reference,4,124,1,0.12048192771084337
J48 reference,4,127,0,0.12048192771084337
J48 reference,4,161,0,0.0
J48 reference,4,168,0,0.5862068965517241
J48 reference,4,186,1,0.8518518518518519
J48 reference,4,187,1,0.65
J48 reference,4,207,1,0.8518518518518519
J48 reference,4,226,0,0.12048192771084337
J48 reference,4,240,0,0.12048192771084337
J48 reference,4,253,0,0.12048192771084337
J48 reference,4,266,1,0.65
J48 reference,4,273,0,0.12048192771084337
J48 reference,4,279,0,0.009259259259259259
J48 reference,4,314,1,0.7428571428571429
J48 reference,4,324,0,0.12048192771084337
J48 reference,4,338,1,0.65
J48 reference,4,343,0,0.5862068965517241
J48 reference,4,358,0,0.0
J48 reference,4,373,0,0.12048192771084337
J48 reference,4,375,1,1.0
J48 reference,4,376,0,0.009259259259259259
J48 reference,4,385,0,0.009259259259259259
J48 reference,4,387,1,0.0
J48 reference,4,421,0,0.009259259259259259
J48 reference,4,426,0,0.12048192771084337
J48 reference,4,431,0,0.0
J48 reference,4,432,0,0.12048192771084337
J48 reference,4,433,0,0.14285714285714285
J48 reference,4,471,0,0.65
J48 reference,4,474,0,0.12048192771084337
J48 reference,4,482,0,0.12048192771084337
J48 reference,4,485,1,0.0
J48 reference,4,506,1,0.8518518518518519
J48 reference,4,527,0,0.009259259259259259
J48 reference,4,540,1,0.7428571428571429
J48 reference,4,544,0,0.0
J48 reference,4,553,0,0.12048192771084337
J48 reference,4,555,0,0.009259259259259259
J48 reference,4,560,1,0.5862068965517241
J48 reference,4,572,0,0.12048192771084337
J48 reference,4,585,0,0.009259259259259259
J48 reference,4,595,1,0.8518518518518519
J48 reference,4,598,1,0.8518518518518519
J48 reference,4,599,0,0.009259259259259259
J48 reference,4,601,0,0.009259259259259259
J48 reference,4,606,1,0.8518518518518519
J48 reference,4,609,0,0.009259259259259259
J48 reference,4,627,0,0.65
J48 reference,4,629,0,0.009259259259259259
J48 reference,4,633,0,0.14285714285714285
J48 reference,4,652,0,0.12048192771084337
J48 reference,4,656,0,0.009259259259259259
J48 reference,4,661,1,0.8518518518518519
J48 reference,4,688,0,0.14285714285714285
J48 reference,4,695,1,1.0
J48 reference,4,699,0,0.12048192771084337
J48 reference,4,705,0,0.12048192771084337
J48 reference,4,724,0,0.5862068965517241
J48 reference,4,727,0,0.65
J48 reference,4,729,0,0.12048192771084337
J48 reference,4,738,0,0.12048192771084337
J48 reference,4,748,1,0.8518518518518519
J48 reference,4,749,1,0.0
J48 reference,4,761,1,0.8518518518518519
J48 reference,4,766,1,0.5862068965517241
J48 reference,4,767,0,0.12048192771084337
J48 zeros untreated,4,10,0,0.16666666666666666
J48 zeros untreated,4,17,1,0.5783132530120482
J48 zeros untreated,4,38,1,0.125
J48 zeros untreated,4,43,1,0.8518518518518519
J48 zeros untreated,4,44,0,1.0
J48 zeros untreated,4,49,0,0.02586206896551724
J48 zeros untreated,4,68,0,0.02586206896551724
J48 zeros untreated,4,93,1,0.1388888888888889
J48 zeros untreated,4,106,0,0.02586206896551724
J48 zeros untreated,4,114,1,0.8518518518518519
J48 zeros untreated,4,123,0,0.1388888888888889
J48 zeros untreated,4,124,1,0.125
J48 zeros untreated,4,127,0,0.125
J48 zeros untreated,4,161,0,0.5783132530120482
J48 zeros untreated,4,168,0,0.5783132530120482
J48 zeros untreated,4,186,1,0.8518518518518519
J48 zeros untreated,4,187,1,0.6964285714285714
J48 zeros untreated,4,207,1,0.8518518518518519
J48 zeros untreated,4,226,0,0.125
J48 zeros untreated,4,240,0,0.125
J48 zeros untreated,4,253,0,0.125
J48 zeros untreated,4,266,1,0.9285714285714286
J48 zeros untreated,4,273,0,0.125
J48 zeros untreated,4,279,0,0.02586206896551724
J48 zeros untreated,4,314,1,0.5783132530120482
J48 zeros untreated,4,324,0,0.125
J48 zeros untreated,4,338,1,0.6964285714285714
J48 zeros untreated,4,343,0,0.5783132530120482
J48 zeros untreated,4,358,0,0.20689655172413793
J48 zeros untreated,4,373,0,0.125
J48 zeros untreated,4,375,1,0.6964285714285714
J48 zeros untreated,4,376,0,0.02586206896551724
J48 zeros untreated,4,385,0,0.02586206896551724
J48 zeros untreated,4,387,1,0.5783132530120482
J48 zeros untreated,4,421,0,0.02586206896551724
J48 zeros untreated,4,426,0,0.02586206896551724
J48 zeros untreated,4,431,0,0.20689655172413793
J48 zeros untreated,4,432,0,0.125
J48 zeros untreated,4,433,0,0.1388888888888889
J48 zeros untreated,4,471,0,0.3333333333333333
J48 zeros untreated,4,474,0,0.125
J48 zeros untreated,4,482,0,0.125
J48 zeros untreated,4,485,1,0.3333333333333333
J48 zeros untreated,4,506,1,0.8518518518518519
J48 zeros untreated,4,527,0,0.02586206896551724
J48 zeros untreated,4,540,1,0.20689655172413793
J48 zeros untreated,4,544,0,0.20689655172413793
J48 zeros untreated,4,553,0,0.125
J48 zeros untreated,4,555,0,0.02586206896551724
J48 zeros untreated,4,560,1,0.16666666666666666
J48 zeros untreated,4,572,0,0.125
J48 zeros untreated,4,585,0,0.02586206896551724
J48 zeros untreated,4,595,1,0.8518518518518519
J48 zeros untreated,4,598,1,0.8518518518518519
J48 zeros untreated,4,599,0,0.02586206896551724
J48 zeros untreated,4,601,0,0.02586206896551724
J48 zeros untreated,4,606,1,0.8518518518518519
J48 zeros untreated,4,609,0,0.02586206896551724
J48 zeros untreated,4,627,0,0.3333333333333333
J48 zeros untreated,4,629,0,0.02586206896551724
J48 zeros untreated,4,633,0,0.1388888888888889
J48 zeros untreated,4,652,0,0.125
J48 zeros untreated,4,656,0,0.02586206896551724
J48 zeros untreated,4,661,1,0.8518518518518519
J48 zeros untreated,4,688,0,0.1388888888888889
J48 zeros untreated,4,695,1,0.6964285714285714
J48 zeros untreated,4,699,0,0.125
J48 zeros untreated,4,705,0,0.125
J48 zeros untreated,4,724,0,0.5783132530120482
J48 zeros untreated,4,727,0,0.3333333333333333
J48 zeros untreated,4,729,0,0.125
J48 zeros untreated,4,738,0,0.125
J48 zeros untreated,4,748,1,0.8518518518518519
J48 zeros untreated,4,749,1,1.0
J48 zeros untreated,4,761,1,0.8518518518518519
J48 zeros untreated,4,766,1,0.5783132530120482
J48 zeros untreated,4,767,0,0.125
J48 unpruned,4,10,0,0.5862068965517241
J48 unpruned,4,17,1,0.5862068965517241
J48 unpruned,4,38,1,0.12048192771084337
J48 unpruned,4,43,1,0.8518518518518519
J48 unpruned,4,44,0,0.5862068965517241
J48 unpruned,4,49,0,0.12048192771084337
J48 unpruned,4,68,0,0.009259259259259259
J48 unpruned,4,93,1,0.14285714285714285
J48 unpruned,4,106,0,0.009259259259259259
J48 unpruned,4,114,1,0.8518518518518519
J48 unpruned,4,123,0,0.14285714285714285
J48 unpruned,4,124,1,0.12048192771084337
J48 unpruned,4,127,0,0.12048192771084337
J48 unpruned,4,161,0,0.0
J48 unpruned,4,168,0,0.5862068965517241
J48 unpruned,4,186,1,0.8518518518518519
J48 unpruned,4,187,1,0.65
J48 unpruned,4,207,1,0.8518518518518519
J48 unpruned,4,226,0,0.12048192771084337
J48 unpruned,4,240,0,0.12048192771084337
J48 unpruned,4,253,0,0.12048192771084337
J48 unpruned,4,266,1,0.65
J48 unpruned,4,273,0,0.12048192771084337
J48 unpruned,4,279,0,0.009259259259259259
J48 unpruned,4,314,1,0.7428571428571429
J48 unpruned,4,324,0,0.12048192771084337
J48 unpruned,4,338,1,0.65
J48 unpruned,4,343,0,0.5862068965517241
J48 unpruned,4,358,0,0.0
J48 unpruned,4,373,0,0.12048192771084337
J48 unpruned,4,375,1,1.0
J48 unpruned,4,376,0,0.009259259259259259
J48 unpruned,4,385,0,0.009259259259259259
J48 unpruned,4,387,1,0.0
J48 unpruned,4,421,0,0.009259259259259259
J48 unpruned,4,426,0,0.12048192771084337
J48 unpruned,4,431,0,0.0
J48 unpruned,4,432,0,0.12048192771084337
J48 unpruned,4,433,0,0.14285714285714285
J48 unpruned,4,471,0,0.65
J48 unpruned,4,474,0,0.12048192771084337
J48 unpruned,4,482,0,0.12048192771084337
J48 unpruned,4,485,1,0.0
J48 unpruned,4,506,1,0.8518518518518519
J48 unpruned,4,527,0,0.009259259259259259
J48 unpruned,4,540,1,0.7428571428571429
J48 unpruned,4,544,0,0.0
J48 unpruned,4,553,0,0.12048192771084337
J48 unpruned,4,555,0,0.009259259259259259
J48 unpruned,4,560,1,0.5862068965517241
J48 unpruned,4,572,0,0.12048192771084337
J48 unpruned,4,585,0,0.009259259259259259
J48 unpruned,4,595,1,0.8518518518518519
J48 unpruned,4,598,1,0.8518518518518519
J48 unpruned,4,599,0,0.009259259259259259
J48 unpruned,4,601,0,0.009259259259259259
J48 unpruned,4,606,1,0.8518518518518519
J48 unpruned,4,609,0,0.009259259259259259
J48 unpruned,4,627,0,0.65
J48 unpruned,4,629,0,0.009259259259259259
J48 unpruned,4,633,0,0.14285714285714285
J48 unpruned,4,652,0,0.12048192771084337
J48 unpruned,4,656,0,0.009259259259259259
J48 unpruned,4,661,1,0.8518518518518519
J48 unpruned,4,688,0,0.14285714285714285
J48 unpruned,4,695,1,1.0
J48 unpruned,4,699,0,0.12048192771084337
J48 unpruned,4,705,0,0.12048192771084337
J48 unpruned,4,724,0,0.5862068965517241
J48 unpruned,4,727,0,0.65
J48 unpruned,4,729,0,0.12048192771084337
J48 unpruned,4,738,0,0.12048192771084337
J48 unpruned,4,748,1,0.8518518518518519
J48 unpruned,4,749,1,0.0
J48 unpruned,4,761,1,0.8518518518518519
J48 unpruned,4,766,1,0.5862068965517241
J48 unpruned,4,767,0,0.12048192771084337
J48 SMOTE,4,10,0,0.7574257425742574
J48 SMOTE,4,17,1,1.0
J48 SMOTE,4,38,1,0.09523809523809523
J48 SMOTE,4,43,1,0.9085714285714286
J48 SMOTE,4,44,0,0.9333333333333333
J48 SMOTE,4,49,0,1.0
J48 SMOTE,4,68,0,0.013157894736842105
J48 SMOTE,4,93,1,0.03571428571428571
J48 SMOTE,4,106,0,0.013157894736842105
J48 SMOTE,4,114,1,0.9085714285714286
J48 SMOTE,4,123,0,0.03571428571428571
J48 SMOTE,4,124,1,0.64
J48 SMOTE,4,127,0,0.2222222222222222
J48 SMOTE,4,161,0,0.18181818181818182
J48 SMOTE,4,168,0,0.7574257425742574
J48 SMOTE,4,186,1,0.9085714285714286
J48 SMOTE,4,187,1,0.2222222222222222
J48 SMOTE,4,207,1,0.9085714285714286
J48 SMOTE,4,226,0,0.2345679012345679
J48 SMOTE,4,240,0,0.0
J48 SMOTE,4,253,0,0.09523809523809523
J48 SMOTE,4,266,1,0.8333333333333334
J48 SMOTE,4,273,0,0.09523809523809523
J48 SMOTE,4,279,0,0.013157894736842105
J48 SMOTE,4,314,1,0.7574257425742574
J48 SMOTE,4,324,0,0.64
J48 SMOTE,4,338,1,0.7574257425742574
J48 SMOTE,4,343,0,0.7574257425742574
J48 SMOTE,4,358,0,1.0
J48 SMOTE,4,373,0,0.2345679012345679
J48 SMOTE,4,375,1,0.7574257425742574
J48 SMOTE,4,376,0,0.013157894736842105
J48 SMOTE,4,385,0,0.03571428571428571
J48 SMOTE,4,387,1,0.18181818181818182
J48 SMOTE,4,421,0,0.013157894736842105
J48 SMOTE,4,426,0,0.0
J48 SMOTE,4,431,0,0.0
J48 SMOTE,4,432,0,0.0
J48 SMOTE,4,433,0,0.03571428571428571
J48 SMOTE,4,471,0,0.8333333333333334
J48 SMOTE,4,474,0,0.64
J48 SMOTE,4,482,0,0.0
J48 SMOTE,4,485,1,0.05555555555555555
J48 SMOTE,4,506,1,0.9085714285714286
J48 SMOTE,4,527,0,0.03571428571428571
J48 SMOTE,4,540,1,1.0
J48 SMOTE,4,544,0,0.0
J48 SMOTE,4,553,0,0.0
J48 SMOTE,4,555,0,0.03571428571428571
J48 SMOTE,4,560,1,0.7574257425742574
J48 SMOTE,4,572,0,0.2222222222222222
J48 SMOTE,4,585,0,0.013157894736842105
J48 SMOTE,4,595,1,0.9085714285714286
J48 SMOTE,4,598,1,0.9085714285714286
J48 SMOTE,4,599,0,0.03571428571428571
J48 SMOTE,4,601,0,0.013157894736842105
J48 SMOTE,4,606,1,0.9085714285714286
J48 SMOTE,4,609,0,0.03571428571428571
J48 SMOTE,4,627,0,0.8333333333333334
J48 SMOTE,4,629,0,0.013157894736842105
J48 SMOTE,4,633,0,0.1
J48 SMOTE,4,652,0,0.2222222222222222
J48 SMOTE,4,656,0,0.013157894736842105
J48 SMOTE,4,661,1,0.9085714285714286
J48 SMOTE,4,688,0,0.03571428571428571
J48 SMOTE,4,695,1,0.7574257425742574
J48 SMOTE,4,699,0,0.64
J48 SMOTE,4,705,0,0.09523809523809523
J48 SMOTE,4,724,0,0.7574257425742574
J48 SMOTE,4,727,0,0.8333333333333334
J48 SMOTE,4,729,0,0.0
J48 SMOTE,4,738,0,0.2345679012345679
J48 SMOTE,4,748,1,0.9085714285714286
J48 SMOTE,4,749,1,0.9333333333333333
J48 SMOTE,4,761,1,0.9085714285714286
J48 SMOTE,4,766,1,0.7574257425742574
J48 SMOTE,4,767,0,0.09523809523809523
J48 capped,4,10,0,0.17647058823529413
J48 capped,4,17,1,0.6419753086419753
J48 capped,4,38,1,0.12048192771084337
J48 capped,4,43,1,0.8518518518518519
J48 capped,4,44,0,0.5862068965517241
J48 capped,4,49,0,0.12048192771084337
J48 capped,4,68,0,0.009259259259259259
J48 capped,4,93,1,0.14285714285714285
J48 capped,4,106,0,0.009259259259259259
J48 capped,4,114,1,0.8518518518518519
J48 capped,4,123,0,0.14285714285714285
J48 capped,4,124,1,0.12048192771084337
J48 capped,4,127,0,0.12048192771084337
J48 capped,4,161,0,0.0
J48 capped,4,168,0,0.6419753086419753
J48 capped,4,186,1,0.8518518518518519
J48 capped,4,187,1,0.6122448979591837
J48 capped,4,207,1,0.8518518518518519
J48 capped,4,226,0,0.12048192771084337
J48 capped,4,240,0,0.12048192771084337
J48 capped,4,253,0,0.12048192771084337
J48 capped,4,266,1,0.6122448979591837
J48 capped,4,273,0,0.12048192771084337
J48 capped,4,279,0,0.009259259259259259
J48 capped,4,314,1,0.6419753086419753
J48 capped,4,324,0,0.12048192771084337
J48 capped,4,338,1,0.9
J48 capped,4,343,0,0.6419753086419753
J48 capped,4,358,0,0.0
J48 capped,4,373,0,0.12048192771084337
J48 capped,4,375,1,0.0
J48 capped,4,376,0,0.009259259259259259
J48 capped,4,385,0,0.009259259259259259
J48 capped,4,387,1,0.6419753086419753
J48 capped,4,421,0,0.009259259259259259
J48 capped,4,426,0,0.12048192771084337
J48 capped,4,431,0,0.0
J48 capped,4,432,0,0.12048192771084337
J48 capped,4,433,0,0.14285714285714285
J48 capped,4,471,0,0.6122448979591837
J48 capped,4,474,0,0.12048192771084337
J48 capped,4,482,0,0.12048192771084337
J48 capped,4,485,1,0.09523809523809523
J48 capped,4,506,1,0.8518518518518519
J48 capped,4,527,0,0.009259259259259259
J48 capped,4,540,1,0.6419753086419753
J48 capped,4,544,0,0.1111111111111111
J48 capped,4,553,0,0.12048192771084337
J48 capped,4,555,0,0.009259259259259259
J48 capped,4,560,1,0.17647058823529413
J48 capped,4,572,0,0.12048192771084337
J48 capped,4,585,0,0.009259259259259259
J48 capped,4,595,1,0.8518518518518519
J48 capped,4,598,1,0.8518518518518519
J48 capped,4,599,0,0.009259259259259259
J48 capped,4,601,0,0.009259259259259259
J48 capped,4,606,1,0.8518518518518519
J48 capped,4,609,0,0.009259259259259259
J48 capped,4,627,0,0.6122448979591837
J48 capped,4,629,0,0.009259259259259259
J48 capped,4,633,0,0.14285714285714285
J48 capped,4,652,0,0.12048192771084337
J48 capped,4,656,0,0.009259259259259259
J48 capped,4,661,1,0.8518518518518519
J48 capped,4,688,0,0.14285714285714285
J48 capped,4,695,1,0.09523809523809523
J48 capped,4,699,0,0.12048192771084337
J48 capped,4,705,0,0.12048192771084337
J48 capped,4,724,0,0.6419753086419753
J48 capped,4,727,0,0.6122448979591837
J48 capped,4,729,0,0.12048192771084337
J48 capped,4,738,0,0.12048192771084337
J48 capped,4,748,1,0.8518518518518519
J48 capped,4,749,1,0.0
J48 capped,4,761,1,0.8518518518518519
J48 capped,4,766,1,0.6419753086419753
J48 capped,4,767,0,0.12048192771084337
J48 five features,4,10,0,0.625
J48 five features,4,17,1,0.30303030303030304
J48 five features,4,38,1,0.12048192771084337
J48 five features,4,43,1,0.8518518518518519
J48 five features,4,44,0,0.68
J48 five features,4,49,0,0.12048192771084337
J48 five features,4,68,0,0.009259259259259259
J48 five features,4,93,1,0.14285714285714285
J48 five features,4,106,0,0.009259259259259259
J48 five features,4,114,1,0.8518518518518519
J48 five features,4,123,0,0.14285714285714285
J48 five features,4,124,1,0.12048192771084337
J48 five features,4,127,0,0.12048192771084337
J48 five features,4,161,0,0.30303030303030304
J48 five features,4,168,0,0.625
J48 five features,4,186,1,0.8518518518518519
J48 five features,4,187,1,0.6307692307692307
J48 five features,4,207,1,0.8518518518518519
J48 five features,4,226,0,0.12048192771084337
J48 five features,4,240,0,0.12048192771084337
J48 five features,4,253,0,0.12048192771084337
J48 five features,4,266,1,0.6307692307692307
J48 five features,4,273,0,0.12048192771084337
J48 five features,4,279,0,0.009259259259259259
J48 five features,4,314,1,0.625
J48 five features,4,324,0,0.12048192771084337
J48 five features,4,338,1,0.7916666666666666
J48 five features,4,343,0,0.625
J48 five features,4,358,0,0.0
J48 five features,4,373,0,0.12048192771084337
J48 five features,4,375,1,0.7916666666666666
J48 five features,4,376,0,0.009259259259259259
J48 five features,4,385,0,0.009259259259259259
J48 five features,4,387,1,0.30303030303030304
J48 five features,4,421,0,0.009259259259259259
J48 five features,4,426,0,0.12048192771084337
J48 five features,4,431,0,0.0
J48 five features,4,432,0,0.12048192771084337
J48 five features,4,433,0,0.14285714285714285
J48 five features,4,471,0,0.6307692307692307
J48 five features,4,474,0,0.12048192771084337
J48 five features,4,482,0,0.12048192771084337
J48 five features,4,485,1,0.125
J48 five features,4,506,1,0.8518518518518519
J48 five features,4,527,0,0.009259259259259259
J48 five features,4,540,1,0.30303030303030304
J48 five features,4,544,0,0.0
J48 five features,4,553,0,0.12048192771084337
J48 five features,4,555,0,0.009259259259259259
J48 five features,4,560,1,0.625
J48 five features,4,572,0,0.12048192771084337
J48 five features,4,585,0,0.009259259259259259
J48 five features,4,595,1,0.8518518518518519
J48 five features,4,598,1,0.8518518518518519
J48 five features,4,599,0,0.009259259259259259
J48 five features,4,601,0,0.009259259259259259
J48 five features,4,606,1,0.8518518518518519
J48 five features,4,609,0,0.009259259259259259
J48 five features,4,627,0,0.6307692307692307
J48 five features,4,629,0,0.009259259259259259
J48 five features,4,633,0,0.14285714285714285
J48 five features,4,652,0,0.12048192771084337
J48 five features,4,656,0,0.009259259259259259
J48 five features,4,661,1,0.8518518518518519
J48 five features,4,688,0,0.14285714285714285
J48 five features,4,695,1,0.125
J48 five features,4,699,0,0.12048192771084337
J48 five features,4,705,0,0.12048192771084337
J48 five features,4,724,0,0.625
J48 five features,4,727,0,0.6307692307692307
J48 five features,4,729,0,0.12048192771084337
J48 five features,4,738,0,0.12048192771084337
J48 five features,4,748,1,0.8518518518518519
J48 five features,4,749,1,0.68
J48 five features,4,761,1,0.8518518518518519
J48 five features,4,766,1,0.625
J48 five features,4,767,0,0.12048192771084337
J48,5,0,1,0.7846153846153846
J48,5,5,0,0.2564102564102564
J48,5,6,1,0.13127413127413126
J48,5,8,1,0.9096385542168675
J48,5,12,0,0.2564102564102564
J48,5,16,1,0.7846153846153846
J48,5,20,0,0.5283018867924528
J48,5,32,0,0.13127413127413126
J48,5,37,1,0.7
J48,5,42,0,0.7
J48,5,46,0,0.5283018867924528
J48,5,48,1,0.7
J48,5,57,0,0.13127413127413126
J48,5,60,0,0.13127413127413126
J48,5,66,1,0.13127413127413126
J48,5,76,0,0.2
J48,5,85,0,0.13127413127413126
J48,5,91,0,0.7846153846153846
J48,5,99,1,0.7846153846153846
J48,5,101,0,0.05714285714285714
J48,5,104,0,0.13127413127413126
J48,5,110,1,0.9096385542168675
J48,5,118,0,0.13127413127413126
J48,5,136,0,0.13127413127413126
J48,5,180,0,0.13127413127413126
J48,5,185,1,0.9096385542168675
J48,5,196,0,0.13127413127413126
J48,5,204,0,0.13127413127413126
J48,5,210,0,0.13127413127413126
J48,5,215,1,0.7846153846153846
J48,5,220,1,0.9096385542168675
J48,5,260,0,0.9096385542168675
J48,5,265,0,0.13127413127413126
J48,5,269,1,0.05714285714285714
J48,5,281,0,0.7846153846153846
J48,5,284,1,0.13127413127413126
J48,5,296,1,0.05714285714285714
J48,5,298,1,0.7
J48,5,317,1,0.9096385542168675
J48,5,333,0,0.7
J48,5,340,0,0.05714285714285714
J48,5,350,0,0.13127413127413126
J48,5,352,0,0.13127413127413126
J48,5,364,0,0.7846153846153846
J48,5,368,0,0.13127413127413126
J48,5,372,0,0.13127413127413126
J48,5,390,0,0.13127413127413126
J48,5,405,0,0.5283018867924528
J48,5,407,0,0.13127413127413126
J48,5,409,1,0.9096385542168675
J48,5,427,1,0.9096385542168675
J48,5,454,0,0.13127413127413126
J48,5,457,0,0.13127413127413126
J48,5,458,1,0.7846153846153846
J48,5,462,0,0.2
J48,5,463,0,0.13127413127413126
J48,5,486,0,0.5283018867924528
J48,5,494,0,0.13127413127413126
J48,5,505,0,0.2
J48,5,542,1,0.2
J48,5,559,0,0.2
J48,5,583,0,0.7
J48,5,591,0,0.5283018867924528
J48,5,592,1,0.7846153846153846
J48,5,617,0,0.13127413127413126
J48,5,619,1,0.5283018867924528
J48,5,640,0,0.13127413127413126
J48,5,646,1,0.05714285714285714
J48,5,651,0,0.2
J48,5,674,0,0.2
J48,5,686,0,0.65
J48,5,690,0,0.7
J48,5,716,1,0.9096385542168675
J48,5,726,0,0.5283018867924528
J48,5,743,1,0.7846153846153846
J48,5,745,0,0.7
J48,5,753,1,0.9096385542168675
Naive Bayes,5,0,1,0.921089184530981
Naive Bayes,5,5,0,0.142055795862334
Naive Bayes,5,6,1,0.009662089136774405
Naive Bayes,5,8,1,0.9915910951183189
Naive Bayes,5,12,0,0.9837618930471219
Naive Bayes,5,16,1,0.8415117007981735
Naive Bayes,5,20,0,0.8724752689561386
Naive Bayes,5,32,0,0.0008168202778014988
Naive Bayes,5,37,1,0.7799399452196094
Naive Bayes,5,42,0,0.09238932671048009
Naive Bayes,5,46,0,0.2923595097952548
Naive Bayes,5,48,1,0.4609570946206674
Naive Bayes,5,57,0,0.6000342780800191
Naive Bayes,5,60,0,0.04400003022145804
Naive Bayes,5,66,1,0.5070831128558462
Naive Bayes,5,76,0,0.2162692451115277
Naive Bayes,5,85,0,0.3246972627532275
Naive Bayes,5,91,0,0.2383112990582854
Naive Bayes,5,99,1,0.884468140291503
Naive Bayes,5,101,0,0.15544657039821727
Naive Bayes,5,104,0,0.27379230822066625
Naive Bayes,5,110,1,0.9202406061994775
Naive Bayes,5,118,0,0.021934784152587903
Naive Bayes,5,136,0,0.026778867954180836
Naive Bayes,5,180,0,0.06259756626071145
Naive Bayes,5,185,1,0.9949927211510415
Naive Bayes,5,196,0,0.014254832100884893
Naive Bayes,5,204,0,0.8108733754791492
Naive Bayes,5,210,0,0.00882888841501324
Naive Bayes,5,215,1,0.9977195007684404
Naive Bayes,5,220,1,0.9675327847790848
Naive Bayes,5,260,0,0.8461284020389976
Naive Bayes,5,265,0,0.17377315479447403
Naive Bayes,5,269,1,0.3208861960354447
Naive Bayes,5,281,0,0.89520448263571
Naive Bayes,5,284,1,0.21107191768330721
Naive Bayes,5,296,1,0.6344516648576346
Naive Bayes,5,298,1,0.9670358343063794
Naive Bayes,5,317,1,0.8928883148601087
Naive Bayes,5,333,0,0.614917156091093
Naive Bayes,5,340,0,0.008139223140972764
Naive Bayes,5,350,0,0.3236999211406335
Naive Bayes,5,352,0,0.14220701987186918
Naive Bayes,5,364,0,0.801597779858782
Naive Bayes,5,368,0,0.003763266635842424
Naive Bayes,5,372,0,0.013440523309793626
Naive Bayes,5,390,0,0.3206305710727975
Naive Bayes,5,405,0,0.4667096563640876
Naive Bayes,5,407,0,0.013634412487255252
Naive Bayes,5,409,1,0.979477589440854
Naive Bayes,5,427,1,0.9644547018707278
Naive Bayes,5,454,0,0.04052014247125677
Naive Bayes,5,457,0,0.028800745049810048
Naive Bayes,5,458,1,0.9979678642008313
Naive Bayes,5,462,0,0.3110161766527237
Naive Bayes,5,463,0,0.1244054031449583
Naive Bayes,5,486,0,0.713973879675066
Naive Bayes,5,494,0,0.044766190383463245
Naive Bayes,5,505,0,0.47981285254961165
Naive Bayes,5,542,1,0.8986908372390974
Naive Bayes,5,559,0,0.452514255876397
Naive Bayes,5,583,0,0.6442206765204981
Naive Bayes,5,591,0,0.5273003041273647
Naive Bayes,5,592,1,0.6642150629355287
Naive Bayes,5,617,0,0.0002592233824172783
Naive Bayes,5,619,1,0.14116639408640735
Naive Bayes,5,640,0,0.019634574311996146
Naive Bayes,5,646,1,0.42286634317928956
Naive Bayes,5,651,0,0.04321203999995587
Naive Bayes,5,674,0,0.7314335114831437
Naive Bayes,5,686,0,0.06118686630102563
Naive Bayes,5,690,0,0.45100993077835827
Naive Bayes,5,716,1,0.9898010646375518
Naive Bayes,5,726,0,0.5040613619998292
Naive Bayes,5,743,1,0.9572015819997078
Naive Bayes,5,745,0,0.7414981199212276
Naive Bayes,5,753,1,0.9871023878396961
Logistic Regression,5,0,1,0.8079054015075905
Logistic Regression,5,5,0,0.19223821850036438
Logistic Regression,5,6,1,0.0763240634131044
Logistic Regression,5,8,1,0.8763333265430111
Logistic Regression,5,12,0,0.8486571860542822
Logistic Regression,5,16,1,0.6473547744324653
Logistic Regression,5,20,0,0.6774920290347337
Logistic Regression,5,32,0,0.056486214777168225
Logistic Regression,5,37,1,0.5366108355640925
Logistic Regression,5,42,0,0.16540863625222835
Logistic Regression,5,46,0,0.4959717677753521
Logistic Regression,5,48,1,0.528289634737754
Logistic Regression,5,57,0,0.5252540176184726
Logistic Regression,5,60,0,0.09038442644495542
Logistic Regression,5,66,1,0.27408582856873825
Logistic Regression,5,76,0,0.12391145233397256
Logistic Regression,5,85,0,0.32280784096593
Logistic Regression,5,91,0,0.4916655753766346
Logistic Regression,5,99,1,0.7385681654048182
Logistic Regression,5,101,0,0.3147072635321457
Logistic Regression,5,104,0,0.3511215657755727
Logistic Regression,5,110,1,0.7740866918204701
Logistic Regression,5,118,0,0.15793641994538435
Logistic Regression,5,136,0,0.12145221439805866
Logistic Regression,5,180,0,0.06155748893838209
Logistic Regression,5,185,1,0.972510441515247
Logistic Regression,5,196,0,0.0692338384301894
Logistic Regression,5,204,0,0.5701070457624927
Logistic Regression,5,210,0,0.06084869461323686
Logistic Regression,5,215,1,0.9735231780242943
Logistic Regression,5,220,1,0.8975175419246777
Logistic Regression,5,260,0,0.8784057244052895
Logistic Regression,5,265,0,0.42185882081207166
Logistic Regression,5,269,1,0.3562872945413956
Logistic Regression,5,281,0,0.761814663015771
Logistic Regression,5,284,1,0.14881634165514201
Logistic Regression,5,296,1,0.45219681267097683
Logistic Regression,5,298,1,0.7683990983773596
Logistic Regression,5,317,1,0.783678194389273
Logistic Regression,5,333,0,0.29438274239006845
Logistic Regression,5,340,0,0.20290327288700602
Logistic Regression,5,350,0,0.34810243869402985
Logistic Regression,5,352,0,0.07302339328414219
Logistic Regression,5,364,0,0.7343961846051257
Logistic Regression,5,368,0,0.05075577599928466
Logistic Regression,5,372,0,0.1201214136365016
Logistic Regression,5,390,0,0.23333366176395992
Logistic Regression,5,405,0,0.7110115749460143
Logistic Regression,5,407,0,0.048641966048054805
Logistic Regression,5,409,1,0.927639260646348
Logistic Regression,5,427,1,0.8518124863325783
Logistic Regression,5,454,0,0.29528114556919816
Logistic Regression,5,457,0,0.12036041077208415
Logistic Regression,5,458,1,0.9551914567317709
Logistic Regression,5,462,0,0.28844913131326083
Logistic Regression,5,463,0,0.10957629121025651
Logistic Regression,5,486,0,0.7256399771536541
Logistic Regression,5,494,0,0.08093286557456743
Logistic Regression,5,505,0,0.23859528543996644
Logistic Regression,5,542,1,0.5881445842416474
Logistic Regression,5,559,0,0.28067852690274053
Logistic Regression,5,583,0,0.5053059479289073
Logistic Regression,5,591,0,0.38618287949175856
Logistic Regression,5,592,1,0.5355961334413675
Logistic Regression,5,617,0,0.01440295632846525
Logistic Regression,5,619,1,0.18567583038675406
Logistic Regression,5,640,0,0.12358356352180302
Logistic Regression,5,646,1,0.5353593620589827
Logistic Regression,5,651,0,0.2934372421896203
Logistic Regression,5,674,0,0.5100403145391472
Logistic Regression,5,686,0,0.19435109174171872
Logistic Regression,5,690,0,0.3401926989275438
Logistic Regression,5,716,1,0.9030291488472655
Logistic Regression,5,726,0,0.4013566215454219
Logistic Regression,5,743,1,0.810372902042293
Logistic Regression,5,745,0,0.45826429945779246
Logistic Regression,5,753,1,0.8920927249436842
J48 reference,5,0,1,0.5555555555555556
J48 reference,5,5,0,0.008849557522123894
J48 reference,5,6,1,0.11834319526627218
J48 reference,5,8,1,0.8658536585365854
J48 reference,5,12,0,0.20512820512820512
J48 reference,5,16,1,0.06666666666666667
J48 reference,5,20,0,0.11834319526627218
J48 reference,5,32,0,0.008849557522123894
J48 reference,5,37,1,0.7575757575757576
J48 reference,5,42,0,0.008849557522123894
J48 reference,5,46,0,0.20512820512820512
J48 reference,5,48,1,0.6808510638297872
J48 reference,5,57,0,0.7575757575757576
J48 reference,5,60,0,0.11834319526627218
J48 reference,5,66,1,0.7575757575757576
J48 reference,5,76,0,0.07142857142857142
J48 reference,5,85,0,0.11834319526627218
J48 reference,5,91,0,0.6808510638297872
J48 reference,5,99,1,0.06666666666666667
J48 reference,5,101,0,0.20512820512820512
J48 reference,5,104,0,0.11834319526627218
J48 reference,5,110,1,0.8658536585365854
J48 reference,5,118,0,0.11834319526627218
J48 reference,5,136,0,0.11834319526627218
J48 reference,5,180,0,0.008849557522123894
J48 reference,5,185,1,0.8658536585365854
J48 reference,5,196,0,0.008849557522123894
J48 reference,5,204,0,0.6808510638297872
J48 reference,5,210,0,0.11834319526627218
J48 reference,5,215,1,1.0
J48 reference,5,220,1,0.8658536585365854
J48 reference,5,260,0,0.8658536585365854
J48 reference,5,265,0,0.0
J48 reference,5,269,1,0.20512820512820512
J48 reference,5,281,0,0.6666666666666666
J48 reference,5,284,1,0.6808510638297872
J48 reference,5,296,1,0.20512820512820512
J48 reference,5,298,1,0.6808510638297872
J48 reference,5,317,1,0.8658536585365854
J48 reference,5,333,0,0.008849557522123894
J48 reference,5,340,0,0.20512820512820512
J48 reference,5,350,0,0.07142857142857142
J48 reference,5,352,0,0.07142857142857142
J48 reference,5,364,0,0.5555555555555556
J48 reference,5,368,0,0.11834319526627218
J48 reference,5,372,0,0.11834319526627218
J48 reference,5,390,0,0.6808510638297872
J48 reference,5,405,0,0.11834319526627218
J48 reference,5,407,0,0.008849557522123894
J48 reference,5,409,1,0.8658536585365854
J48 reference,5,427,1,0.8658536585365854
J48 reference,5,454,0,0.11834319526627218
J48 reference,5,457,0,0.11834319526627218
J48 reference,5,458,1,1.0
J48 reference,5,462,0,0.0
J48 reference,5,463,0,0.07142857142857142
J48 reference,5,486,0,0.5555555555555556
J48 reference,5,494,0,0.11834319526627218
J48 reference,5,505,0,0.07142857142857142
J48 reference,5,542,1,0.7575757575757576
J48 reference,5,559,0,0.07142857142857142
J48 reference,5,583,0,0.6808510638297872
J48 reference,5,591,0,0.11834319526627218
J48 reference,5,592,1,0.5555555555555556
J48 reference,5,617,0,0.008849557522123894
J48 reference,5,619,1,0.11834319526627218
J48 reference,5,640,0,0.11834319526627218
J48 reference,5,646,1,1.0
J48 reference,5,651,0,0.11834319526627218
J48 reference,5,674,0,0.07142857142857142
J48 reference,5,686,0,0.20512820512820512
J48 reference,5,690,0,0.008849557522123894
J48 reference,5,716,1,0.8658536585365854
J48 reference,5,726,0,0.11834319526627218
J48 reference,5,743,1,0.6666666666666666
J48 reference,5,745,0,0.15384615384615385
J48 reference,5,753,1,0.8658536585365854
J48 zeros untreated,5,0,1,0.7037037037037037
J48 zeros untreated,5,5,0,0.0
J48 zeros untreated,5,6,1,0.0846774193548387
J48 zeros untreated,5,8,1,0.8658536585365854
J48 zeros untreated,5,12,0,0.15384615384615385
J48 zeros untreated,5,16,1,1.0
J48 zeros untreated,5,20,0,0.0846774193548387
J48 zeros untreated,5,32,0,0.0846774193548387
J48 zeros untreated,5,37,1,0.30952380952380953
J48 zeros untreated,5,42,0,0.0
J48 zeros untreated,5,46,0,0.15384615384615385
J48 zeros untreated,5,48,1,0.30952380952380953
J48 zeros untreated,5,57,0,0.8
J48 zeros untreated,5,60,0,0.0846774193548387
J48 zeros untreated,5,66,1,0.0
J48 zeros untreated,5,76,0,0.30952380952380953
J48 zeros untreated,5,85,0,0.0846774193548387
J48 zeros untreated,5,91,0,1.0
J48 zeros untreated,5,99,1,1.0
J48 zeros untreated,5,101,0,0.3333333333333333
J48 zeros untreated,5,104,0,0.0846774193548387
J48 zeros untreated,5,110,1,0.8658536585365854
J48 zeros untreated,5,118,0,0.0846774193548387
J48 zeros untreated,5,136,0,0.0846774193548387
J48 zeros untreated,5,180,0,0.0
J48 zeros untreated,5,185,1,0.8658536585365854
J48 zeros untreated,5,196,0,0.0846774193548387
J48 zeros untreated,5,204,0,1.0
J48 zeros untreated,5,210,0,0.0846774193548387
J48 zeros untreated,5,215,1,0.7037037037037037
J48 zeros untreated,5,220,1,0.8658536585365854
J48 zeros untreated,5,260,0,0.8658536585365854
J48 zeros untreated,5,265,0,0.0
J48 zeros untreated,5,269,1,0.15384615384615385
J48 zeros untreated,5,281,0,0.7037037037037037
J48 zeros untreated,5,284,1,0.30952380952380953
J48 zeros untreated,5,296,1,0.15384615384615385
J48 zeros untreated,5,298,1,1.0
J48 zeros untreated,5,317,1,0.8658536585365854
J48 zeros untreated,5,333,0,0.0
J48 zeros untreated,5,340,0,0.15384615384615385
J48 zeros untreated,5,350,0,0.30952380952380953
J48 zeros untreated,5,352,0,0.30952380952380953
J48 zeros untreated,5,364,0,0.34210526315789475
J48 zeros untreated,5,368,0,0.0846774193548387
J48 zeros untreated,5,372,0,0.0846774193548387
J48 zeros untreated,5,390,0,1.0
J48 zeros untreated,5,405,0,0.0846774193548387
J48 zeros untreated,5,407,0,0.0846774193548387
J48 zeros untreated,5,409,1,0.8658536585365854
J48 zeros untreated,5,427,1,0.8658536585365854
J48 zeros untreated,5,454,0,0.0846774193548387
J48 zeros untreated,5,457,0,0.0846774193548387
J48 zeros untreated,5,458,1,0.7037037037037037
J48 zeros untreated,5,462,0,0.0
J48 zeros untreated,5,463,0,0.30952380952380953
J48 zeros untreated,5,486,0,0.34210526315789475
J48 zeros untreated,5,494,0,0.0846774193548387
J48 zeros untreated,5,505,0,0.30952380952380953
J48 zeros untreated,5,542,1,0.30952380952380953
J48 zeros untreated,5,559,0,0.30952380952380953
J48 zeros untreated,5,583,0,0.30952380952380953
J48 zeros untreated,5,591,0,0.0846774193548387
J48 zeros untreated,5,592,1,0.7037037037037037
J48 zeros untreated,5,617,0,0.0846774193548387
J48 zeros untreated,5,619,1,0.0846774193548387
J48 zeros untreated,5,640,0,0.0846774193548387
J48 zeros untreated,5,646,1,1.0
J48 zeros untreated,5,651,0,0.0846774193548387
J48 zeros untreated,5,674,0,0.30952380952380953
J48 zeros untreated,5,686,0,0.15384615384615385
J48 zeros untreated,5,690,0,0.0
J48 zeros untreated,5,716,1,0.8658536585365854
J48 zeros untreated,5,726,0,0.0846774193548387
J48 zeros untreated,5,743,1,0.7037037037037037
J48 zeros untreated,5,745,0,0.1
J48 zeros untreated,5,753,1,0.8658536585365854
J48 unpruned,5,0,1,0.5223880597014925
J48 unpruned,5,5,0,0.008849557522123894
J48 unpruned,5,6,1,0.11834319526627218
J48 unpruned,5,8,1,0.8658536585365854
J48 unpruned,5,12,0,0.25806451612903225
J48 unpruned,5,16,1,0.06666666666666667
J48 unpruned,5,20,0,0.11834319526627218
J48 unpruned,5,32,0,0.008849557522123894
J48 unpruned,5,37,1,0.7575757575757576
J48 unpruned,5,42,0,0.008849557522123894
J48 unpruned,5,46,0,0.25806451612903225
J48 unpruned,5,48,1,0.6808510638297872
J48 unpruned,5,57,0,0.7575757575757576
J48 unpruned,5,60,0,0.11834319526627218
J48 unpruned,5,66,1,0.7575757575757576
J48 unpruned,5,76,0,0.07142857142857142
J48 unpruned,5,85,0,0.11834319526627218
J48 unpruned,5,91,0,0.6808510638297872
J48 unpruned,5,99,1,0.06666666666666667
J48 unpruned,5,101,0,0.25806451612903225
J48 unpruned,5,104,0,0.11834319526627218
J48 unpruned,5,110,1,0.8658536585365854
J48 unpruned,5,118,0,0.11834319526627218
J48 unpruned,5,136,0,0.11834319526627218
J48 unpruned,5,180,0,0.008849557522123894
J48 unpruned,5,185,1,0.8658536585365854
J48 unpruned,5,196,0,0.008849557522123894
J48 unpruned,5,204,0,0.6808510638297872
J48 unpruned,5,210,0,0.11834319526627218
J48 unpruned,5,215,1,1.0
J48 unpruned,5,220,1,0.8658536585365854
J48 unpruned,5,260,0,0.8658536585365854
J48 unpruned,5,265,0,0.0
J48 unpruned,5,269,1,0.25806451612903225
J48 unpruned,5,281,0,0.6666666666666666
J48 unpruned,5,284,1,0.6808510638297872
J48 unpruned,5,296,1,0.0
J48 unpruned,5,298,1,0.6808510638297872
J48 unpruned,5,317,1,0.8658536585365854
J48 unpruned,5,333,0,0.008849557522123894
J48 unpruned,5,340,0,0.25806451612903225
J48 unpruned,5,350,0,0.07142857142857142
J48 unpruned,5,352,0,0.07142857142857142
J48 unpruned,5,364,0,0.5223880597014925
J48 unpruned,5,368,0,0.11834319526627218
J48 unpruned,5,372,0,0.11834319526627218
J48 unpruned,5,390,0,0.6808510638297872
J48 unpruned,5,405,0,0.11834319526627218
J48 unpruned,5,407,0,0.008849557522123894
J48 unpruned,5,409,1,0.8658536585365854
J48 unpruned,5,427,1,0.8658536585365854
J48 unpruned,5,454,0,0.11834319526627218
J48 unpruned,5,457,0,0.11834319526627218
J48 unpruned,5,458,1,1.0
J48 unpruned,5,462,0,0.0
J48 unpruned,5,463,0,0.07142857142857142
J48 unpruned,5,486,0,0.5223880597014925
J48 unpruned,5,494,0,0.11834319526627218
J48 unpruned,5,505,0,0.07142857142857142
J48 unpruned,5,542,1,0.7575757575757576
J48 unpruned,5,559,0,0.07142857142857142
J48 unpruned,5,583,0,0.6808510638297872
J48 unpruned,5,591,0,0.11834319526627218
J48 unpruned,5,592,1,0.5223880597014925
J48 unpruned,5,617,0,0.008849557522123894
J48 unpruned,5,619,1,0.11834319526627218
J48 unpruned,5,640,0,0.11834319526627218
J48 unpruned,5,646,1,1.0
J48 unpruned,5,651,0,0.11834319526627218
J48 unpruned,5,674,0,0.07142857142857142
J48 unpruned,5,686,0,0.25806451612903225
J48 unpruned,5,690,0,0.008849557522123894
J48 unpruned,5,716,1,0.8658536585365854
J48 unpruned,5,726,0,0.11834319526627218
J48 unpruned,5,743,1,0.6666666666666666
J48 unpruned,5,745,0,0.15384615384615385
J48 unpruned,5,753,1,0.8658536585365854
J48 SMOTE,5,0,1,0.7846153846153846
J48 SMOTE,5,5,0,0.0
J48 SMOTE,5,6,1,0.14925373134328357
J48 SMOTE,5,8,1,0.9096385542168675
J48 SMOTE,5,12,0,0.631578947368421
J48 SMOTE,5,16,1,0.7846153846153846
J48 SMOTE,5,20,0,0.512396694214876
J48 SMOTE,5,32,0,0.01020408163265306
J48 SMOTE,5,37,1,1.0
J48 SMOTE,5,42,0,0.0
J48 SMOTE,5,46,0,0.512396694214876
J48 SMOTE,5,48,1,1.0
J48 SMOTE,5,57,0,0.0
J48 SMOTE,5,60,0,0.14925373134328357
J48 SMOTE,5,66,1,0.6842105263157895
J48 SMOTE,5,76,0,0.0
J48 SMOTE,5,85,0,0.6842105263157895
J48 SMOTE,5,91,0,0.7846153846153846
J48 SMOTE,5,99,1,0.7846153846153846
J48 SMOTE,5,101,0,0.0
J48 SMOTE,5,104,0,0.0
J48 SMOTE,5,110,1,0.9096385542168675
J48 SMOTE,5,118,0,0.14925373134328357
J48 SMOTE,5,136,0,0.14925373134328357
J48 SMOTE,5,180,0,0.01020408163265306
J48 SMOTE,5,185,1,0.9096385542168675
J48 SMOTE,5,196,0,0.01020408163265306
J48 SMOTE,5,204,0,0.14925373134328357
J48 SMOTE,5,210,0,0.01020408163265306
J48 SMOTE,5,215,1,0.7846153846153846
J48 SMOTE,5,220,1,0.9096385542168675
J48 SMOTE,5,260,0,0.9096385542168675
J48 SMOTE,5,265,0,0.6842105263157895
J48 SMOTE,5,269,1,0.0
J48 SMOTE,5,281,0,0.7846153846153846
J48 SMOTE,5,284,1,0.01020408163265306
J48 SMOTE,5,296,1,0.0
J48 SMOTE,5,298,1,1.0
J48 SMOTE,5,317,1,0.9096385542168675
J48 SMOTE,5,333,0,1.0
J48 SMOTE,5,340,0,0.0
J48 SMOTE,5,350,0,0.14925373134328357
J48 SMOTE,5,352,0,0.14925373134328357
J48 SMOTE,5,364,0,0.7846153846153846
J48 SMOTE,5,368,0,0.01020408163265306
J48 SMOTE,5,372,0,0.14925373134328357
J48 SMOTE,5,390,0,0.14925373134328357
J48 SMOTE,5,405,0,0.512396694214876
J48 SMOTE,5,407,0,0.01020408163265306
J48 SMOTE,5,409,1,0.9096385542168675
J48 SMOTE,5,427,1,0.9096385542168675
J48 SMOTE,5,454,0,0.14925373134328357
J48 SMOTE,5,457,0,0.14925373134328357
J48 SMOTE,5,458,1,0.7846153846153846
J48 SMOTE,5,462,0,0.0
J48 SMOTE,5,463,0,0.01020408163265306
J48 SMOTE,5,486,0,0.512396694214876
J48 SMOTE,5,494,0,0.14925373134328357
J48 SMOTE,5,505,0,0.0
J48 SMOTE,5,542,1,0.0
J48 SMOTE,5,559,0,0.0
J48 SMOTE,5,583,0,1.0
J48 SMOTE,5,591,0,0.512396694214876
J48 SMOTE,5,592,1,0.7846153846153846
J48 SMOTE,5,617,0,0.01020408163265306
J48 SMOTE,5,619,1,0.512396694214876
J48 SMOTE,5,640,0,0.6842105263157895
J48 SMOTE,5,646,1,1.0
J48 SMOTE,5,651,0,0.0
J48 SMOTE,5,674,0,0.0
J48 SMOTE,5,686,0,0.0
J48 SMOTE,5,690,0,1.0
J48 SMOTE,5,716,1,0.9096385542168675
J48 SMOTE,5,726,0,0.512396694214876
J48 SMOTE,5,743,1,0.7846153846153846
J48 SMOTE,5,745,0,1.0
J48 SMOTE,5,753,1,0.9096385542168675
J48 capped,5,0,1,0.5555555555555556
J48 capped,5,5,0,0.008849557522123894
J48 capped,5,6,1,0.11834319526627218
J48 capped,5,8,1,0.8658536585365854
J48 capped,5,12,0,0.15789473684210525
J48 capped,5,16,1,0.6375
J48 capped,5,20,0,0.11834319526627218
J48 capped,5,32,0,0.008849557522123894
J48 capped,5,37,1,0.6375
J48 capped,5,42,0,0.008849557522123894
J48 capped,5,46,0,0.15789473684210525
J48 capped,5,48,1,0.6375
J48 capped,5,57,0,0.07407407407407407
J48 capped,5,60,0,0.11834319526627218
J48 capped,5,66,1,0.6375
J48 capped,5,76,0,0.16666666666666666
J48 capped,5,85,0,0.11834319526627218
J48 capped,5,91,0,0.6375
J48 capped,5,99,1,0.6375
J48 capped,5,101,0,0.8333333333333334
J48 capped,5,104,0,0.11834319526627218
J48 capped,5,110,1,0.8658536585365854
J48 capped,5,118,0,0.11834319526627218
J48 capped,5,136,0,0.11834319526627218
J48 capped,5,180,0,0.008849557522123894
J48 capped,5,185,1,0.8658536585365854
J48 capped,5,196,0,0.008849557522123894
J48 capped,5,204,0,0.6375
J48 capped,5,210,0,0.11834319526627218
J48 capped,5,215,1,0.8181818181818182
J48 capped,5,220,1,0.8658536585365854
J48 capped,5,260,0,0.8658536585365854
J48 capped,5,265,0,0.07407407407407407
J48 capped,5,269,1,0.15789473684210525
J48 capped,5,281,0,0.8181818181818182
J48 capped,5,284,1,0.6375
J48 capped,5,296,1,0.15789473684210525
J48 capped,5,298,1,0.6375
J48 capped,5,317,1,0.8658536585365854
J48 capped,5,333,0,0.008849557522123894
J48 capped,5,340,0,0.15789473684210525
J48 capped,5,350,0,0.16666666666666666
J48 capped,5,352,0,0.16666666666666666
J48 capped,5,364,0,0.5555555555555556
J48 capped,5,368,0,0.11834319526627218
J48 capped,5,372,0,0.11834319526627218
J48 capped,5,390,0,0.6375
J48 capped,5,405,0,0.11834319526627218
J48 capped,5,407,0,0.008849557522123894
J48 capped,5,409,1,0.8658536585365854
J48 capped,5,427,1,0.8658536585365854
J48 capped,5,454,0,0.11834319526627218
J48 capped,5,457,0,0.11834319526627218
J48 capped,5,458,1,0.8181818181818182
J48 capped,5,462,0,0.07407407407407407
J48 capped,5,463,0,0.16666666666666666
J48 capped,5,486,0,0.5555555555555556
J48 capped,5,494,0,0.11834319526627218
J48 capped,5,505,0,0.16666666666666666
J48 capped,5,542,1,0.16666666666666666
J48 capped,5,559,0,0.16666666666666666
J48 capped,5,583,0,0.2222222222222222
J48 capped,5,591,0,0.11834319526627218
J48 capped,5,592,1,0.5555555555555556
J48 capped,5,617,0,0.008849557522123894
J48 capped,5,619,1,0.11834319526627218
J48 capped,5,640,0,0.11834319526627218
J48 capped,5,646,1,0.25
J48 capped,5,651,0,0.11834319526627218
J48 capped,5,674,0,0.16666666666666666
J48 capped,5,686,0,0.15789473684210525
J48 capped,5,690,0,0.008849557522123894
J48 capped,5,716,1,0.8658536585365854
J48 capped,5,726,0,0.11834319526627218
J48 capped,5,743,1,0.8181818181818182
J48 capped,5,745,0,0.07407407407407407
J48 capped,5,753,1,0.8658536585365854
J48 five features,5,0,1,0.6949152542372882
J48 five features,5,5,0,0.008849557522123894
J48 five features,5,6,1,0.11834319526627218
J48 five features,5,8,1,0.8658536585365854
J48 five features,5,12,0,0.20512820512820512
J48 five features,5,16,1,0.5462962962962963
J48 five features,5,20,0,0.11834319526627218
J48 five features,5,32,0,0.008849557522123894
J48 five features,5,37,1,0.5462962962962963
J48 five features,5,42,0,0.008849557522123894
J48 five features,5,46,0,0.20512820512820512
J48 five features,5,48,1,0.5462962962962963
J48 five features,5,57,0,1.0
J48 five features,5,60,0,0.11834319526627218
J48 five features,5,66,1,0.13333333333333333
J48 five features,5,76,0,0.0
J48 five features,5,85,0,0.11834319526627218
J48 five features,5,91,0,0.5462962962962963
J48 five features,5,99,1,1.0
J48 five features,5,101,0,0.20512820512820512
J48 five features,5,104,0,0.11834319526627218
J48 five features,5,110,1,0.8658536585365854
J48 five features,5,118,0,0.11834319526627218
J48 five features,5,136,0,0.11834319526627218
J48 five features,5,180,0,0.008849557522123894
J48 five features,5,185,1,0.8658536585365854
J48 five features,5,196,0,0.008849557522123894
J48 five features,5,204,0,0.5462962962962963
J48 five features,5,210,0,0.11834319526627218
J48 five features,5,215,1,0.6949152542372882
J48 five features,5,220,1,0.8658536585365854
J48 five features,5,260,0,0.8658536585365854
J48 five features,5,265,0,0.0
J48 five features,5,269,1,0.20512820512820512
J48 five features,5,281,0,0.6949152542372882
J48 five features,5,284,1,0.5462962962962963
J48 five features,5,296,1,0.20512820512820512
J48 five features,5,298,1,0.5462962962962963
J48 five features,5,317,1,0.8658536585365854
J48 five features,5,333,0,0.008849557522123894
J48 five features,5,340,0,0.20512820512820512
J48 five features,5,350,0,0.5462962962962963
J48 five features,5,352,0,0.0
J48 five features,5,364,0,0.0
J48 five features,5,368,0,0.11834319526627218
J48 five features,5,372,0,0.11834319526627218
J48 five features,5,390,0,0.5462962962962963
J48 five features,5,405,0,0.11834319526627218
J48 five features,5,407,0,0.008849557522123894
J48 five features,5,409,1,0.8658536585365854
J48 five features,5,427,1,0.8658536585365854
J48 five features,5,454,0,0.11834319526627218
J48 five features,5,457,0,0.11834319526627218
J48 five features,5,458,1,0.6949152542372882
J48 five features,5,462,0,0.0
J48 five features,5,463,0,0.5462962962962963
J48 five features,5,486,0,0.0
J48 five features,5,494,0,0.11834319526627218
J48 five features,5,505,0,0.0
J48 five features,5,542,1,0.5462962962962963
J48 five features,5,559,0,0.5462962962962963
J48 five features,5,583,0,0.5462962962962963
J48 five features,5,591,0,0.11834319526627218
J48 five features,5,592,1,0.6949152542372882
J48 five features,5,617,0,0.008849557522123894
J48 five features,5,619,1,0.11834319526627218
J48 five features,5,640,0,0.11834319526627218
J48 five features,5,646,1,1.0
J48 five features,5,651,0,0.11834319526627218
J48 five features,5,674,0,0.5462962962962963
J48 five features,5,686,0,0.20512820512820512
J48 five features,5,690,0,0.008849557522123894
J48 five features,5,716,1,0.8658536585365854
J48 five features,5,726,0,0.11834319526627218
J48 five features,5,743,1,0.6949152542372882
J48 five features,5,745,0,0.5462962962962963
J48 five features,5,753,1,0.8658536585365854
J48,6,1,0,0.16666666666666666
J48,6,9,1,0.8076923076923077
J48,6,13,1,0.8076923076923077
J48,6,55,0,0.009708737864077669
J48,6,59,0,0.15822784810126583
J48,6,72,1,0.8076923076923077
J48,6,82,0,0.16666666666666666
J48,6,88,1,0.8076923076923077
J48,6,97,0,0.009708737864077669
J48,6,98,0,0.15822784810126583
J48,6,105,0,0.10344827586206896
J48,6,125,1,0.15822784810126583
J48,6,137,0,0.15822784810126583
J48,6,154,1,0.8076923076923077
J48,6,167,0,0.7264150943396226
J48,6,184,0,0.2
J48,6,193,1,0.8076923076923077
J48,6,219,1,0.7264150943396226
J48,6,223,0,0.25
J48,6,229,0,0.6
J48,6,236,1,0.8076923076923077
J48,6,237,1,0.8076923076923077
J48,6,239,0,0.009708737864077669
J48,6,241,0,0.15822784810126583
J48,6,243,1,0.7264150943396226
J48,6,250,0,0.7264150943396226
J48,6,264,1,0.7264150943396226
J48,6,267,0,0.8076923076923077
J48,6,270,1,0.7264150943396226
J48,6,277,0,0.15822784810126583
J48,6,290,0,0.21428571428571427
J48,6,295,0,0.8076923076923077
J48,6,303,1,0.21428571428571427
J48,6,310,0,0.009708737864077669
J48,6,312,1,0.10344827586206896
J48,6,327,0,0.8076923076923077
J48,6,351,0,0.8076923076923077
J48,6,359,1,0.8076923076923077
J48,6,362,0,0.2727272727272727
J48,6,389,0,0.15822784810126583
J48,6,397,1,0.8076923076923077
J48,6,419,1,0.6153846153846154
J48,6,425,1,0.8076923076923077
J48,6,434,0,0.009708737864077669
J48,6,439,0,0.7264150943396226
J48,6,446,0,0.009708737864077669
J48,6,451,1,0.10344827586206896
J48,6,468,1,0.7264150943396226
J48,6,470,0,0.8076923076923077
J48,6,478,0,0.2
J48,6,483,0,0.6
J48,6,492,0,0.7264150943396226
J48,6,501,0,0.15822784810126583
J48,6,509,0,0.009708737864077669
J48,6,515,1,0.8076923076923077
J48,6,520,0,0.009708737864077669
J48,6,523,1,0.8076923076923077
J48,6,526,0,0.009708737864077669
J48,6,537,0,0.009708737864077669
J48,6,593,0,0.15822784810126583
J48,6,596,0,0.16666666666666666
J48,6,605,0,0.8076923076923077
J48,6,620,0,0.21428571428571427
J48,6,624,0,0.15822784810126583
J48,6,626,0,0.10344827586206896
J48,6,637,0,0.15822784810126583
J48,6,670,0,0.8076923076923077
J48,6,672,0,0.16666666666666666
J48,6,679,0,0.009708737864077669
J48,6,680,0,0.009708737864077669
J48,6,708,1,0.8076923076923077
J48,6,717,0,0.009708737864077669
J48,6,720,0,0.16666666666666666
J48,6,722,1,0.8571428571428571
J48,6,740,1,0.7264150943396226
J48,6,746,1,0.8076923076923077
J48,6,747,0,0.16666666666666666
Naive Bayes,6,1,0,0.0552614683464003
Naive Bayes,6,9,1,0.8934862172575864
Naive Bayes,6,13,1,0.9707044687263996
Naive Bayes,6,55,0,0.0007834547472730755
Naive Bayes,6,59,0,0.3124303325771015
Naive Bayes,6,72,1,0.9872516156625607
Naive Bayes,6,82,0,0.06935753912558308
Naive Bayes,6,88,1,0.8755440363752606
Naive Bayes,6,97,0,0.0001224219808241561
Naive Bayes,6,98,0,0.009505181464345284
Naive Bayes,6,105,0,0.3094970229689685
Naive Bayes,6,125,1,0.01673707657783087
Naive Bayes,6,137,0,0.0057973501383389945
Naive Bayes,6,154,1,0.9960746357023621
Naive Bayes,6,167,0,0.47171929571166343
Naive Bayes,6,184,0,0.5768849336937354
Naive Bayes,6,193,1,0.968551911327416
Naive Bayes,6,219,1,0.5399997580273261
Naive Bayes,6,223,0,0.9409201723366608
Naive Bayes,6,229,0,0.10320261122911177
Naive Bayes,6,236,1,0.9915749084830181
Naive Bayes,6,237,1,0.9752471448617549
Naive Bayes,6,239,0,0.029235666800858134
Naive Bayes,6,241,0,0.028252458661833398
Naive Bayes,6,243,1,0.5415814836311615
Naive Bayes,6,250,0,0.45354881478288245
Naive Bayes,6,264,1,0.36564873963244565
Naive Bayes,6,267,0,0.8666838582375742
Naive Bayes,6,270,1,0.9832587674074089
Naive Bayes,6,277,0,0.005960256116347621
Naive Bayes,6,290,0,0.02655721352714422
Naive Bayes,6,295,0,0.5706205981708804
Naive Bayes,6,303,1,0.6483593741563486
Naive Bayes,6,310,0,0.12828358845542995
Naive Bayes,6,312,1,0.03151764336746279
Naive Bayes,6,327,0,0.9889794329412515
Naive Bayes,6,351,0,0.5988166947989987
Naive Bayes,6,359,1,0.9970718051487791
Naive Bayes,6,362,0,0.903765142666471
Naive Bayes,6,389,0,0.048476319992767844
Naive Bayes,6,397,1,0.38884020367847827
Naive Bayes,6,419,1,0.029204621890631912
Naive Bayes,6,425,1,0.9865402336382569
Naive Bayes,6,434,0,0.051003569948101644
Naive Bayes,6,439,0,0.717813889799305
Naive Bayes,6,446,0,0.0019205277534048771
Naive Bayes,6,451,1,0.34266731791112215
Naive Bayes,6,468,1,0.5714692389580008
Naive Bayes,6,470,0,0.8792086464455213
Naive Bayes,6,478,0,0.1615356865750155
Naive Bayes,6,483,0,0.11323900170782018
Naive Bayes,6,492,0,0.28382880170152675
Naive Bayes,6,501,0,0.21839376039439504
Naive Bayes,6,509,0,0.7338911962290263
Naive Bayes,6,515,1,0.09922994999227083
Naive Bayes,6,520,0,0.003908007021082545
Naive Bayes,6,523,1,0.9141957835588855
Naive Bayes,6,526,0,0.00029760584919895356
Naive Bayes,6,537,0,0.08982005140923348
Naive Bayes,6,593,0,0.018213737487816916
Naive Bayes,6,596,0,0.32269306784884083
Naive Bayes,6,605,0,0.3445194287195817
Naive Bayes,6,620,0,0.5816951822599163
Naive Bayes,6,624,0,0.10246839372905753
Naive Bayes,6,626,0,0.08432730051970545
Naive Bayes,6,637,0,0.00741578423318639
Naive Bayes,6,670,0,0.9717919508160573
Naive Bayes,6,672,0,0.1723958734157613
Naive Bayes,6,679,0,0.012535237879633537
Naive Bayes,6,680,0,0.0012103822674698484
Naive Bayes,6,708,1,0.9736785416363599
Naive Bayes,6,717,0,0.20354842861197703
Naive Bayes,6,720,0,0.05646098745832784
Naive Bayes,6,722,1,0.6024748026365786
Naive Bayes,6,740,1,0.9890250967187781
Naive Bayes,6,746,1,0.8784840086117094
Naive Bayes,6,747,0,0.28862691832867854
Logistic Regression,6,1,0,0.06004123566590581
Logistic Regression,6,9,1,0.41685963756240824
Logistic Regression,6,13,1,0.7757392435151612
Logistic Regression,6,55,0,0.022206641637465715
Logistic Regression,6,59,0,0.24557472791560112
Logistic Regression,6,72,1,0.7776100295734496
Logistic Regression,6,82,0,0.1346411372753947
Logistic Regression,6,88,1,0.6086427972439986
Logistic Regression,6,97,0,0.014703951247411418
Logistic Regression,6,98,0,0.09732971429894675
Logistic Regression,6,105,0,0.31958272158128065
Logistic Regression,6,125,1,0.2867274579428244
Logistic Regression,6,137,0,0.05971455199889822
Logistic Regression,6,154,1,0.9203188371148613
Logistic Regression,6,167,0,0.3238293411062518
Logistic Regression,6,184,0,0.3231981606505721
Logistic Regression,6,193,1,0.8605335895422837
Logistic Regression,6,219,1,0.33789136633650824
Logistic Regression,6,223,0,0.7066836817246341
Logistic Regression,6,229,0,0.20967662089427827
Logistic Regression,6,236,1,0.8807672344504976
Logistic Regression,6,237,1,0.7917915718300484
Logistic Regression,6,239,0,0.06118190949618743
Logistic Regression,6,241,0,0.10589639639101342
Logistic Regression,6,243,1,0.5005465267833226
Logistic Regression,6,250,0,0.32873153980627123
Logistic Regression,6,264,1,0.26963055624631127
Logistic Regression,6,267,0,0.6361172772821224
Logistic Regression,6,270,1,0.7477658133357769
Logistic Regression,6,277,0,0.06791530695450387
Logistic Regression,6,290,0,0.05781668115395396
Logistic Regression,6,295,0,0.6121930356247672
Logistic Regression,6,303,1,0.4716031556874501
Logistic Regression,6,310,0,0.09186457458613076
Logistic Regression,6,312,1,0.2516999342681847
Logistic Regression,6,327,0,0.8108102206801284
Logistic Regression,6,351,0,0.3128341675709883
Logistic Regression,6,359,1,0.8915900397451603
Logistic Regression,6,362,0,0.38999681647538675
Logistic Regression,6,389,0,0.18091546605407702
Logistic Regression,6,397,1,0.24888778569472325
Logistic Regression,6,419,1,0.1426600719657114
Logistic Regression,6,425,1,0.8088733047467661
Logistic Regression,6,434,0,0.12290557238885833
Logistic Regression,6,439,0,0.377405678331539
Logistic Regression,6,446,0,0.06583139392862185
Logistic Regression,6,451,1,0.27702353422059484
Logistic Regression,6,468,1,0.2948659499550356
Logistic Regression,6,470,0,0.5996806563759746
Logistic Regression,6,478,0,0.22808583666944557
Logistic Regression,6,483,0,0.07756321718855082
Logistic Regression,6,492,0,0.1581974178916113
Logistic Regression,6,501,0,0.1267626307050722
Logistic Regression,6,509,0,0.3587328226229338
Logistic Regression,6,515,1,0.37007254517997634
Logistic Regression,6,520,0,0.020559606108705535
Logistic Regression,6,523,1,0.6233630509787524
Logistic Regression,6,526,0,0.02414509476697027
Logistic Regression,6,537,0,0.04702652644481935
Logistic Regression,6,593,0,0.1108410905436508
Logistic Regression,6,596,0,0.11983281133920196
Logistic Regression,6,605,0,0.30393884389099285
Logistic Regression,6,620,0,0.3016979900777881
Logistic Regression,6,624,0,0.11480066069031898
Logistic Regression,6,626,0,0.10404441175836102
Logistic Regression,6,637,0,0.08910428335863249
Logistic Regression,6,670,0,0.8048926877038803
Logistic Regression,6,672,0,0.11058932820189712
Logistic Regression,6,679,0,0.11057796612066659
Logistic Regression,6,680,0,0.015517040881483452
Logistic Regression,6,708,1,0.6850354454904837
Logistic Regression,6,717,0,0.21038062234030977
Logistic Regression,6,720,0,0.07414806429147018
Logistic Regression,6,722,1,0.35933214191997553
Logistic Regression,6,740,1,0.818127465687094
Logistic Regression,6,746,1,0.67580816475587
Logistic Regression,6,747,0,0.3252829121973019
J48 reference,6,1,0,0.3619047619047619
J48 reference,6,9,1,0.3619047619047619
J48 reference,6,13,1,0.8780487804878049
J48 reference,6,55,0,0.009345794392523364
J48 reference,6,59,0,0.11764705882352941
J48 reference,6,72,1,0.3619047619047619
J48 reference,6,82,0,0.0
J48 reference,6,88,1,0.6935483870967742
J48 reference,6,97,0,0.009345794392523364
J48 reference,6,98,0,0.11764705882352941
J48 reference,6,105,0,0.11764705882352941
J48 reference,6,125,1,0.11764705882352941
J48 reference,6,137,0,0.11764705882352941
J48 reference,6,154,1,0.8780487804878049
J48 reference,6,167,0,0.95
J48 reference,6,184,0,0.25
J48 reference,6,193,1,0.6935483870967742
J48 reference,6,219,1,0.3619047619047619
J48 reference,6,223,0,0.25
J48 reference,6,229,0,0.11764705882352941
J48 reference,6,236,1,0.8780487804878049
J48 reference,6,237,1,0.8780487804878049
J48 reference,6,239,0,0.009345794392523364
J48 reference,6,241,0,0.11764705882352941
J48 reference,6,243,1,0.95
J48 reference,6,250,0,0.3619047619047619
J48 reference,6,264,1,0.3619047619047619
J48 reference,6,267,0,1.0
J48 reference,6,270,1,0.95
J48 reference,6,277,0,0.11764705882352941
J48 reference,6,290,0,0.11764705882352941
J48 reference,6,295,0,1.0
J48 reference,6,303,1,0.11764705882352941
J48 reference,6,310,0,0.009345794392523364
J48 reference,6,312,1,0.045454545454545456
J48 reference,6,327,0,0.8780487804878049
J48 reference,6,351,0,0.1
J48 reference,6,359,1,0.8780487804878049
J48 reference,6,362,0,0.3619047619047619
J48 reference,6,389,0,0.11764705882352941
J48 reference,6,397,1,0.0
J48 reference,6,419,1,0.25
J48 reference,6,425,1,0.8780487804878049
J48 reference,6,434,0,0.009345794392523364
J48 reference,6,439,0,0.95
J48 reference,6,446,0,0.009345794392523364
J48 reference,6,451,1,0.045454545454545456
J48 reference,6,468,1,0.3619047619047619
J48 reference,6,470,0,0.1
J48 reference,6,478,0,0.009345794392523364
J48 reference,6,483,0,0.11764705882352941
J48 reference,6,492,0,0.3619047619047619
J48 reference,6,501,0,0.11764705882352941
J48 reference,6,509,0,0.009345794392523364
J48 reference,6,515,1,0.8780487804878049
J48 reference,6,520,0,0.009345794392523364
J48 reference,6,523,1,0.6935483870967742
J48 reference,6,526,0,0.009345794392523364
J48 reference,6,537,0,0.009345794392523364
J48 reference,6,593,0,0.11764705882352941
J48 reference,6,596,0,0.3619047619047619
J48 reference,6,605,0,0.11764705882352941
J48 reference,6,620,0,0.11764705882352941
J48 reference,6,624,0,0.11764705882352941
J48 reference,6,626,0,0.009345794392523364
J48 reference,6,637,0,0.11764705882352941
J48 reference,6,670,0,0.8780487804878049
J48 reference,6,672,0,0.0
J48 reference,6,679,0,0.009345794392523364
J48 reference,6,680,0,0.009345794392523364
J48 reference,6,708,1,0.8780487804878049
J48 reference,6,717,0,0.009345794392523364
J48 reference,6,720,0,0.3619047619047619
J48 reference,6,722,1,0.25
J48 reference,6,740,1,0.95
J48 reference,6,746,1,0.75
J48 reference,6,747,0,0.0
J48 zeros untreated,6,1,0,0.3135593220338983
J48 zeros untreated,6,9,1,0.017241379310344827
J48 zeros untreated,6,13,1,0.8780487804878049
J48 zeros untreated,6,55,0,0.017241379310344827
J48 zeros untreated,6,59,0,0.12345679012345678
J48 zeros untreated,6,72,1,0.3135593220338983
J48 zeros untreated,6,82,0,0.0
J48 zeros untreated,6,88,1,0.7068965517241379
J48 zeros untreated,6,97,0,0.017241379310344827
J48 zeros untreated,6,98,0,0.12345679012345678
J48 zeros untreated,6,105,0,0.12345679012345678
J48 zeros untreated,6,125,1,0.12345679012345678
J48 zeros untreated,6,137,0,0.12345679012345678
J48 zeros untreated,6,154,1,0.8780487804878049
J48 zeros untreated,6,167,0,1.0
J48 zeros untreated,6,184,0,0.10810810810810811
J48 zeros untreated,6,193,1,0.9285714285714286
J48 zeros untreated,6,219,1,0.3135593220338983
J48 zeros untreated,6,223,0,0.10810810810810811
J48 zeros untreated,6,229,0,0.12345679012345678
J48 zeros untreated,6,236,1,0.8780487804878049
J48 zeros untreated,6,237,1,0.8780487804878049
J48 zeros untreated,6,239,0,0.017241379310344827
J48 zeros untreated,6,241,0,0.12345679012345678
J48 zeros untreated,6,243,1,0.8888888888888888
J48 zeros untreated,6,250,0,0.3135593220338983
J48 zeros untreated,6,264,1,0.3135593220338983
J48 zeros untreated,6,267,0,0.875
J48 zeros untreated,6,270,1,1.0
J48 zeros untreated,6,277,0,0.12345679012345678
J48 zeros untreated,6,290,0,0.12345679012345678
J48 zeros untreated,6,295,0,0.875
J48 zeros untreated,6,303,1,0.12345679012345678
J48 zeros untreated,6,310,0,0.017241379310344827
J48 zeros untreated,6,312,1,0.0
J48 zeros untreated,6,327,0,0.8780487804878049
J48 zeros untreated,6,351,0,0.0
J48 zeros untreated,6,359,1,0.8780487804878049
J48 zeros untreated,6,362,0,0.3135593220338983
J48 zeros untreated,6,389,0,0.12345679012345678
J48 zeros untreated,6,397,1,0.0
J48 zeros untreated,6,419,1,0.10810810810810811
J48 zeros untreated,6,425,1,0.8780487804878049
J48 zeros untreated,6,434,0,0.017241379310344827
J48 zeros untreated,6,439,0,1.0
J48 zeros untreated,6,446,0,0.017241379310344827
J48 zeros untreated,6,451,1,0.10810810810810811
J48 zeros untreated,6,468,1,0.3135593220338983
J48 zeros untreated,6,470,0,0.08333333333333333
J48 zeros untreated,6,478,0,0.017241379310344827
J48 zeros untreated,6,483,0,0.12345679012345678
J48 zeros untreated,6,492,0,0.3135593220338983
J48 zeros untreated,6,501,0,0.12345679012345678
J48 zeros untreated,6,509,0,0.017241379310344827
J48 zeros untreated,6,515,1,0.8780487804878049
J48 zeros untreated,6,520,0,0.017241379310344827
J48 zeros untreated,6,523,1,0.7068965517241379
J48 zeros untreated,6,526,0,0.017241379310344827
J48 zeros untreated,6,537,0,0.017241379310344827
J48 zeros untreated,6,593,0,0.12345679012345678
J48 zeros untreated,6,596,0,0.3135593220338983
J48 zeros untreated,6,605,0,0.12345679012345678
J48 zeros untreated,6,620,0,0.12345679012345678
J48 zeros untreated,6,624,0,0.12345679012345678
J48 zeros untreated,6,626,0,0.017241379310344827
J48 zeros untreated,6,637,0,0.12345679012345678
J48 zeros untreated,6,670,0,0.8780487804878049
J48 zeros untreated,6,672,0,0.3135593220338983
J48 zeros untreated,6,679,0,0.017241379310344827
J48 zeros untreated,6,680,0,0.017241379310344827
J48 zeros untreated,6,708,1,0.8780487804878049
J48 zeros untreated,6,717,0,0.017241379310344827
J48 zeros untreated,6,720,0,0.3135593220338983
J48 zeros untreated,6,722,1,0.8888888888888888
J48 zeros untreated,6,740,1,0.8888888888888888
J48 zeros untreated,6,746,1,0.75
J48 zeros untreated,6,747,0,0.0
J48 unpruned,6,1,0,0.3619047619047619
J48 unpruned,6,9,1,0.3619047619047619
J48 unpruned,6,13,1,0.8780487804878049
J48 unpruned,6,55,0,0.009345794392523364
J48 unpruned,6,59,0,0.11764705882352941
J48 unpruned,6,72,1,0.3619047619047619
J48 unpruned,6,82,0,0.0
J48 unpruned,6,88,1,0.6935483870967742
J48 unpruned,6,97,0,0.009345794392523364
J48 unpruned,6,98,0,0.11764705882352941
J48 unpruned,6,105,0,0.11764705882352941
J48 unpruned,6,125,1,0.11764705882352941
J48 unpruned,6,137,0,0.11764705882352941
J48 unpruned,6,154,1,0.8780487804878049
J48 unpruned,6,167,0,0.95
J48 unpruned,6,184,0,0.25
J48 unpruned,6,193,1,0.6935483870967742
J48 unpruned,6,219,1,0.3619047619047619
J48 unpruned,6,223,0,0.25
J48 unpruned,6,229,0,0.11764705882352941
J48 unpruned,6,236,1,0.8780487804878049
J48 unpruned,6,237,1,0.8780487804878049
J48 unpruned,6,239,0,0.009345794392523364
J48 unpruned,6,241,0,0.11764705882352941
J48 unpruned,6,243,1,0.95
J48 unpruned,6,250,0,0.3619047619047619
J48 unpruned,6,264,1,0.3619047619047619
J48 unpruned,6,267,0,1.0
J48 unpruned,6,270,1,0.95
J48 unpruned,6,277,0,0.11764705882352941
J48 unpruned,6,290,0,0.11764705882352941
J48 unpruned,6,295,0,1.0
J48 unpruned,6,303,1,0.11764705882352941
J48 unpruned,6,310,0,0.009345794392523364
J48 unpruned,6,312,1,0.045454545454545456
J48 unpruned,6,327,0,0.8780487804878049
J48 unpruned,6,351,0,0.1
J48 unpruned,6,359,1,0.8780487804878049
J48 unpruned,6,362,0,0.3619047619047619
J48 unpruned,6,389,0,0.11764705882352941
J48 unpruned,6,397,1,0.0
J48 unpruned,6,419,1,0.25
J48 unpruned,6,425,1,0.8780487804878049
J48 unpruned,6,434,0,0.009345794392523364
J48 unpruned,6,439,0,0.95
J48 unpruned,6,446,0,0.009345794392523364
J48 unpruned,6,451,1,0.045454545454545456
J48 unpruned,6,468,1,0.3619047619047619
J48 unpruned,6,470,0,0.1
J48 unpruned,6,478,0,0.009345794392523364
J48 unpruned,6,483,0,0.11764705882352941
J48 unpruned,6,492,0,0.3619047619047619
J48 unpruned,6,501,0,0.11764705882352941
J48 unpruned,6,509,0,0.009345794392523364
J48 unpruned,6,515,1,0.8780487804878049
J48 unpruned,6,520,0,0.009345794392523364
J48 unpruned,6,523,1,0.6935483870967742
J48 unpruned,6,526,0,0.009345794392523364
J48 unpruned,6,537,0,0.009345794392523364
J48 unpruned,6,593,0,0.11764705882352941
J48 unpruned,6,596,0,0.3619047619047619
J48 unpruned,6,605,0,0.11764705882352941
J48 unpruned,6,620,0,0.11764705882352941
J48 unpruned,6,624,0,0.11764705882352941
J48 unpruned,6,626,0,0.009345794392523364
J48 unpruned,6,637,0,0.11764705882352941
J48 unpruned,6,670,0,0.8780487804878049
J48 unpruned,6,672,0,0.0
J48 unpruned,6,679,0,0.009345794392523364
J48 unpruned,6,680,0,0.009345794392523364
J48 unpruned,6,708,1,0.8780487804878049
J48 unpruned,6,717,0,0.009345794392523364
J48 unpruned,6,720,0,0.3619047619047619
J48 unpruned,6,722,1,0.25
J48 unpruned,6,740,1,0.95
J48 unpruned,6,746,1,0.75
J48 unpruned,6,747,0,0.0
J48 SMOTE,6,1,0,0.0
J48 SMOTE,6,9,1,0.0
J48 SMOTE,6,13,1,0.9148936170212766
J48 SMOTE,6,55,0,0.009345794392523364
J48 SMOTE,6,59,0,0.0625
J48 SMOTE,6,72,1,0.09090909090909091
J48 SMOTE,6,82,0,0.0
J48 SMOTE,6,88,1,0.7972972972972973
J48 SMOTE,6,97,0,0.009345794392523364
J48 SMOTE,6,98,0,0.2698412698412698
J48 SMOTE,6,105,0,0.0625
J48 SMOTE,6,125,1,0.2698412698412698
J48 SMOTE,6,137,0,0.015384615384615385
J48 SMOTE,6,154,1,0.9148936170212766
J48 SMOTE,6,167,0,0.753731343283582
J48 SMOTE,6,184,0,1.0
J48 SMOTE,6,193,1,0.7972972972972973
J48 SMOTE,6,219,1,0.753731343283582
J48 SMOTE,6,223,0,0.0
J48 SMOTE,6,229,0,0.8571428571428571
J48 SMOTE,6,236,1,0.9148936170212766
J48 SMOTE,6,237,1,0.9148936170212766
J48 SMOTE,6,239,0,0.009345794392523364
J48 SMOTE,6,241,0,0.2698412698412698
J48 SMOTE,6,243,1,0.753731343283582
J48 SMOTE,6,250,0,0.753731343283582
J48 SMOTE,6,264,1,1.0
J48 SMOTE,6,267,0,0.7972972972972973
J48 SMOTE,6,270,1,0.09090909090909091
J48 SMOTE,6,277,0,0.015384615384615385
J48 SMOTE,6,290,0,0.8571428571428571
J48 SMOTE,6,295,0,0.7972972972972973
J48 SMOTE,6,303,1,0.15384615384615385
J48 SMOTE,6,310,0,0.009345794392523364
J48 SMOTE,6,312,1,1.0
J48 SMOTE,6,327,0,0.9148936170212766
J48 SMOTE,6,351,0,0.7972972972972973
J48 SMOTE,6,359,1,0.9148936170212766
J48 SMOTE,6,362,0,0.09090909090909091
J48 SMOTE,6,389,0,0.0
J48 SMOTE,6,397,1,0.2
J48 SMOTE,6,419,1,0.0
J48 SMOTE,6,425,1,0.9148936170212766
J48 SMOTE,6,434,0,0.009345794392523364
J48 SMOTE,6,439,0,0.09090909090909091
J48 SMOTE,6,446,0,0.009345794392523364
J48 SMOTE,6,451,1,1.0
J48 SMOTE,6,468,1,1.0
J48 SMOTE,6,470,0,0.7972972972972973
J48 SMOTE,6,478,0,0.009345794392523364
J48 SMOTE,6,483,0,0.8571428571428571
J48 SMOTE,6,492,0,0.0
J48 SMOTE,6,501,0,1.0
J48 SMOTE,6,509,0,0.009345794392523364
J48 SMOTE,6,515,1,0.9148936170212766
J48 SMOTE,6,520,0,0.009345794392523364
J48 SMOTE,6,523,1,0.7972972972972973
J48 SMOTE,6,526,0,0.009345794392523364
J48 SMOTE,6,537,0,0.009345794392523364
J48 SMOTE,6,593,0,0.015384615384615385
J48 SMOTE,6,596,0,0.0
J48 SMOTE,6,605,0,0.2698412698412698
J48 SMOTE,6,620,0,0.09090909090909091
J48 SMOTE,6,624,0,0.2698412698412698
J48 SMOTE,6,626,0,0.009345794392523364
J48 SMOTE,6,637,0,0.015384615384615385
J48 SMOTE,6,670,0,0.9148936170212766
J48 SMOTE,6,672,0,0.0
J48 SMOTE,6,679,0,0.009345794392523364
J48 SMOTE,6,680,0,0.009345794392523364
J48 SMOTE,6,708,1,0.9148936170212766
J48 SMOTE,6,717,0,0.009345794392523364
J48 SMOTE,6,720,0,1.0
J48 SMOTE,6,722,1,0.0
J48 SMOTE,6,740,1,0.753731343283582
J48 SMOTE,6,746,1,0.7972972972972973
J48 SMOTE,6,747,0,0.0
J48 capped,6,1,0,0.05263157894736842
J48 capped,6,9,1,0.6122448979591837
J48 capped,6,13,1,0.8780487804878049
J48 capped,6,55,0,0.009345794392523364
J48 capped,6,59,0,0.11764705882352941
J48 capped,6,72,1,0.6122448979591837
J48 capped,6,82,0,0.125
J48 capped,6,88,1,0.6935483870967742
J48 capped,6,97,0,0.009345794392523364
J48 capped,6,98,0,0.11764705882352941
J48 capped,6,105,0,0.11764705882352941
J48 capped,6,125,1,0.11764705882352941
J48 capped,6,137,0,0.11764705882352941
J48 capped,6,154,1,0.8780487804878049
J48 capped,6,167,0,0.8214285714285714
J48 capped,6,184,0,0.1956521739130435
J48 capped,6,193,1,0.6935483870967742
J48 capped,6,219,1,0.6122448979591837
J48 capped,6,223,0,0.1956521739130435
J48 capped,6,229,0,0.11764705882352941
J48 capped,6,236,1,0.8780487804878049
J48 capped,6,237,1,0.8780487804878049
J48 capped,6,239,0,0.009345794392523364
J48 capped,6,241,0,0.11764705882352941
J48 capped,6,243,1,0.8214285714285714
J48 capped,6,250,0,0.6122448979591837
J48 capped,6,264,1,0.6122448979591837
J48 capped,6,267,0,0.6
J48 capped,6,270,1,0.8214285714285714
J48 capped,6,277,0,0.11764705882352941
J48 capped,6,290,0,0.11764705882352941
J48 capped,6,295,0,0.6
J48 capped,6,303,1,0.11764705882352941
J48 capped,6,310,0,0.009345794392523364
J48 capped,6,312,1,0.1956521739130435
J48 capped,6,327,0,0.8780487804878049
J48 capped,6,351,0,0.6
J48 capped,6,359,1,0.8780487804878049
J48 capped,6,362,0,0.0
J48 capped,6,389,0,0.11764705882352941
J48 capped,6,397,1,0.6
J48 capped,6,419,1,0.1956521739130435
J48 capped,6,425,1,0.8780487804878049
J48 capped,6,434,0,0.009345794392523364
J48 capped,6,439,0,0.8214285714285714
J48 capped,6,446,0,0.009345794392523364
J48 capped,6,451,1,0.1956521739130435
J48 capped,6,468,1,0.23809523809523808
J48 capped,6,470,0,0.6
J48 capped,6,478,0,0.009345794392523364
J48 capped,6,483,0,0.11764705882352941
J48 capped,6,492,0,0.23809523809523808
J48 capped,6,501,0,0.11764705882352941
J48 capped,6,509,0,0.009345794392523364
J48 capped,6,515,1,0.8780487804878049
J48 capped,6,520,0,0.009345794392523364
J48 capped,6,523,1,0.6935483870967742
J48 capped,6,526,0,0.009345794392523364
J48 capped,6,537,0,0.009345794392523364
J48 capped,6,593,0,0.11764705882352941
J48 capped,6,596,0,0.05263157894736842
J48 capped,6,605,0,0.11764705882352941
J48 capped,6,620,0,0.11764705882352941
J48 capped,6,624,0,0.11764705882352941
J48 capped,6,626,0,0.009345794392523364
J48 capped,6,637,0,0.11764705882352941
J48 capped,6,670,0,0.8780487804878049
J48 capped,6,672,0,0.125
J48 capped,6,679,0,0.009345794392523364
J48 capped,6,680,0,0.009345794392523364
J48 capped,6,708,1,0.8780487804878049
J48 capped,6,717,0,0.009345794392523364
J48 capped,6,720,0,0.05263157894736842
J48 capped,6,722,1,0.1956521739130435
J48 capped,6,740,1,0.8214285714285714
J48 capped,6,746,1,0.6
J48 capped,6,747,0,0.125
J48 five features,6,1,0,0.19399538106235567
J48 five features,6,9,1,0.19399538106235567
J48 five features,6,13,1,0.7248677248677249
J48 five features,6,55,0,0.19399538106235567
J48 five features,6,59,0,0.19399538106235567
J48 five features,6,72,1,0.19399538106235567
J48 five features,6,82,0,0.19399538106235567
J48 five features,6,88,1,0.7248677248677249
J48 five features,6,97,0,0.19399538106235567
J48 five features,6,98,0,0.19399538106235567
J48 five features,6,105,0,0.19399538106235567
J48 five features,6,125,1,0.19399538106235567
J48 five features,6,137,0,0.19399538106235567
J48 five features,6,154,1,0.7248677248677249
J48 five features,6,167,0,0.19399538106235567
J48 five features,6,184,0,0.25
J48 five features,6,193,1,0.7248677248677249
J48 five features,6,219,1,0.19399538106235567
J48 five features,6,223,0,0.25
J48 five features,6,229,0,0.19399538106235567
J48 five features,6,236,1,0.7248677248677249
J48 five features,6,237,1,0.7248677248677249
J48 five features,6,239,0,0.19399538106235567
J48 five features,6,241,0,0.19399538106235567
J48 five features,6,243,1,0.19399538106235567
J48 five features,6,250,0,0.19399538106235567
J48 five features,6,264,1,0.19399538106235567
J48 five features,6,267,0,0.7248677248677249
J48 five features,6,270,1,0.19399538106235567
J48 five features,6,277,0,0.19399538106235567
J48 five features,6,290,0,0.19399538106235567
J48 five features,6,295,0,0.7248677248677249
J48 five features,6,303,1,0.19399538106235567
J48 five features,6,310,0,0.19399538106235567
J48 five features,6,312,1,0.045454545454545456
J48 five features,6,327,0,0.7248677248677249
J48 five features,6,351,0,0.7248677248677249
J48 five features,6,359,1,0.7248677248677249
J48 five features,6,362,0,0.19399538106235567
J48 five features,6,389,0,0.19399538106235567
J48 five features,6,397,1,0.7248677248677249
J48 five features,6,419,1,0.25
J48 five features,6,425,1,0.7248677248677249
J48 five features,6,434,0,0.19399538106235567
J48 five features,6,439,0,0.19399538106235567
J48 five features,6,446,0,0.19399538106235567
J48 five features,6,451,1,0.045454545454545456
J48 five features,6,468,1,0.19399538106235567
J48 five features,6,470,0,0.7248677248677249
J48 five features,6,478,0,0.19399538106235567
J48 five features,6,483,0,0.19399538106235567
J48 five features,6,492,0,0.19399538106235567
J48 five features,6,501,0,0.19399538106235567
J48 five features,6,509,0,0.19399538106235567
J48 five features,6,515,1,0.7248677248677249
J48 five features,6,520,0,0.19399538106235567
J48 five features,6,523,1,0.7248677248677249
J48 five features,6,526,0,0.19399538106235567
J48 five features,6,537,0,0.19399538106235567
J48 five features,6,593,0,0.19399538106235567
J48 five features,6,596,0,0.19399538106235567
J48 five features,6,605,0,0.19399538106235567
J48 five features,6,620,0,0.19399538106235567
J48 five features,6,624,0,0.19399538106235567
J48 five features,6,626,0,0.19399538106235567
J48 five features,6,637,0,0.19399538106235567
J48 five features,6,670,0,0.7248677248677249
J48 five features,6,672,0,0.19399538106235567
J48 five features,6,679,0,0.19399538106235567
J48 five features,6,680,0,0.19399538106235567
J48 five features,6,708,1,0.7248677248677249
J48 five features,6,717,0,0.19399538106235567
J48 five features,6,720,0,0.19399538106235567
J48 five features,6,722,1,0.25
J48 five features,6,740,1,0.19399538106235567
J48 five features,6,746,1,0.7248677248677249
J48 five features,6,747,0,0.19399538106235567
J48,7,3,0,0.12790697674418605
J48,7,22,1,0.8918918918918919
J48,7,25,1,0.46153846153846156
J48,7,26,1,0.620253164556962
J48,7,40,0,0.8918918918918919
J48,7,65,0,0.7
J48,7,89,0,0.008264462809917356
J48,7,115,1,0.620253164556962
J48,7,117,0,0.12790697674418605
J48,7,120,1,0.620253164556962
J48,7,121,0,0.12790697674418605
J48,7,134,0,0.008264462809917356
J48,7,142,0,0.12790697674418605
J48,7,155,1,0.620253164556962
J48,7,174,0,0.0
J48,7,182,0,0.12790697674418605
J48,7,188,1,0.875
J48,7,200,0,0.12790697674418605
J48,7,203,0,0.008264462809917356
J48,7,205,0,0.008264462809917356
J48,7,212,0,0.8918918918918919
J48,7,222,0,0.008264462809917356
J48,7,225,0,0.12790697674418605
J48,7,230,1,0.620253164556962
J48,7,231,1,0.2777777777777778
J48,7,257,0,0.12790697674418605
J48,7,261,1,0.2542372881355932
J48,7,276,1,0.008264462809917356
J48,7,282,0,0.620253164556962
J48,7,292,1,0.620253164556962
J48,7,306,1,0.2542372881355932
J48,7,308,1,0.620253164556962
J48,7,311,0,0.12790697674418605
J48,7,316,0,0.008264462809917356
J48,7,321,1,0.12790697674418605
J48,7,339,1,0.8918918918918919
J48,7,365,0,0.0
J48,7,366,1,0.12790697674418605
J48,7,374,0,0.12790697674418605
J48,7,394,1,0.620253164556962
J48,7,406,1,0.7
J48,7,423,0,0.12790697674418605
J48,7,436,0,0.8571428571428571
J48,7,441,0,0.12790697674418605
J48,7,442,0,0.12790697674418605
J48,7,448,1,0.12790697674418605
J48,7,467,0,0.12790697674418605
J48,7,473,0,0.2542372881355932
J48,7,497,0,0.12790697674418605
J48,7,503,0,0.0
J48,7,511,0,0.2542372881355932
J48,7,522,0,0.12790697674418605
J48,7,524,0,0.12790697674418605
J48,7,538,0,0.12790697674418605
J48,7,547,0,0.620253164556962
J48,7,550,0,0.12790697674418605
J48,7,563,0,0.0
J48,7,569,1,0.7
J48,7,570,0,0.05555555555555555
J48,7,574,0,0.2542372881355932
J48,7,575,0,0.12790697674418605
J48,7,578,0,0.2542372881355932
J48,7,586,1,0.8571428571428571
J48,7,602,0,0.17647058823529413
J48,7,623,0,0.12790697674418605
J48,7,634,0,0.008264462809917356
J48,7,635,1,0.46153846153846156
J48,7,664,1,0.17647058823529413
J48,7,668,0,0.17647058823529413
J48,7,683,1,0.12790697674418605
J48,7,712,1,0.8571428571428571
J48,7,714,0,0.7
J48,7,728,0,0.8918918918918919
J48,7,733,0,0.12790697674418605
J48,7,737,0,0.05555555555555555
J48,7,751,0,0.12790697674418605
J48,7,757,1,0.7
Naive Bayes,7,3,0,0.003212582309321321
Naive Bayes,7,22,1,0.9957573122370261
Naive Bayes,7,25,1,0.25752418642931146
Naive Bayes,7,26,1,0.8235407516088729
Naive Bayes,7,40,0,0.48962607334576486
Naive Bayes,7,65,0,0.06311118218253803
Naive Bayes,7,89,0,0.010308413758524398
Naive Bayes,7,115,1,0.7999105009196968
Naive Bayes,7,117,0,0.04496664511845976
Naive Bayes,7,120,1,0.8259294338643459
Naive Bayes,7,121,0,0.16619701838046652
Naive Bayes,7,134,0,0.0011967634574902872
Naive Bayes,7,142,0,0.010204693832339063
Naive Bayes,7,155,1,0.9560450555871737
Naive Bayes,7,174,0,0.006583729189511712
Naive Bayes,7,182,0,0.007084360275337646
Naive Bayes,7,188,1,0.13606843488799736
Naive Bayes,7,200,0,0.050089654749336285
Naive Bayes,7,203,0,0.0009959593332908032
Naive Bayes,7,205,0,0.04320168100645915
Naive Bayes,7,212,0,0.9865938147629314
Naive Bayes,7,222,0,0.14546620185315606
Naive Bayes,7,225,0,0.013953723087722763
Naive Bayes,7,230,1,0.6991559030429146
Naive Bayes,7,231,1,0.9241553445034325
Naive Bayes,7,257,0,0.02718379756174702
Naive Bayes,7,261,1,0.3666323045812286
Naive Bayes,7,276,1,0.04124373874909306
Naive Bayes,7,282,0,0.39908549624111556
Naive Bayes,7,292,1,0.9561311047327528
Naive Bayes,7,306,1,0.828827994367402
Naive Bayes,7,308,1,0.47301288081078996
Naive Bayes,7,311,0,0.3286738309572962
Naive Bayes,7,316,0,0.0011765463441799128
Naive Bayes,7,321,1,0.08573178365610744
Naive Bayes,7,339,1,0.9775262659504804
Naive Bayes,7,365,0,0.028605280315982473
Naive Bayes,7,366,1,0.1492977558925599
Naive Bayes,7,374,0,0.5088102210064398
Naive Bayes,7,394,1,0.7954323668322463
Naive Bayes,7,406,1,0.17215547330002554
Naive Bayes,7,423,0,0.030167148914771843
Naive Bayes,7,436,0,0.957219313094565
Naive Bayes,7,441,0,0.0064979029100099206
Naive Bayes,7,442,0,0.03979600717708141
Naive Bayes,7,448,1,0.02871926869016773
Naive Bayes,7,467,0,0.04182289785530713
Naive Bayes,7,473,0,0.6568071386594527
Naive Bayes,7,497,0,0.0027997172937997902
Naive Bayes,7,503,0,0.08474486449722492
Naive Bayes,7,511,0,0.025436645502820734
Naive Bayes,7,522,0,0.14093870342767437
Naive Bayes,7,524,0,0.08184091637187377
Naive Bayes,7,538,0,0.6508896878776734
Naive Bayes,7,547,0,0.21331320776793983
Naive Bayes,7,550,0,0.03414308696531216
Naive Bayes,7,563,0,0.008041127806394143
Naive Bayes,7,569,1,0.2878529513088186
Naive Bayes,7,570,0,0.06263955468718438
Naive Bayes,7,574,0,0.70337709209974
Naive Bayes,7,575,0,0.03681658736719936
Naive Bayes,7,578,0,0.4626084791617799
Naive Bayes,7,586,1,0.6854724131717792
Naive Bayes,7,602,0,0.12487484342997344
Naive Bayes,7,623,0,0.027816607262226317
Naive Bayes,7,634,0,0.09720883793055465
Naive Bayes,7,635,1,0.6944444323457
Naive Bayes,7,664,1,0.2931491825879035
Naive Bayes,7,668,0,0.348582358324457
Naive Bayes,7,683,1,0.24480575528866055
Naive Bayes,7,712,1,0.829067298142221
Naive Bayes,7,714,0,0.0643428362747777
Naive Bayes,7,728,0,0.507839552593958
Naive Bayes,7,733,0,0.05136622712597534
Naive Bayes,7,737,0,0.1241754547234991
Naive Bayes,7,751,0,0.13884919273663923
Naive Bayes,7,757,1,0.35877125133534266
Logistic Regression,7,3,0,0.03415048556456516
Logistic Regression,7,22,1,0.9394520426729068
Logistic Regression,7,25,1,0.3835105876686228
Logistic Regression,7,26,1,0.7084477839678203
Logistic Regression,7,40,0,0.6932170293328254
Logistic Regression,7,65,0,0.1041517412075111
Logistic Regression,7,89,0,0.06354652992921914
Logistic Regression,7,115,1,0.5408474424723003
Logistic Regression,7,117,0,0.12612083689170703
Logistic Regression,7,120,1,0.8568990342858976
Logistic Regression,7,121,0,0.25258548108613404
Logistic Regression,7,134,0,0.04332827461491765
Logistic Regression,7,142,0,0.12986787868192456
Logistic Regression,7,155,1,0.8788204369043365
Logistic Regression,7,174,0,0.03871545825963173
Logistic Regression,7,182,0,0.09003626454383334
Logistic Regression,7,188,1,0.22512181863882563
Logistic Regression,7,200,0,0.16925444438021284
Logistic Regression,7,203,0,0.03031705098446037
Logistic Regression,7,205,0,0.11690174147975091
Logistic Regression,7,212,0,0.8247672029302711
Logistic Regression,7,222,0,0.1875230940456921
Logistic Regression,7,225,0,0.04995328726823728
Logistic Regression,7,230,1,0.7014544432103109
Logistic Regression,7,231,1,0.7506811217116977
Logistic Regression,7,257,0,0.10148127033674771
Logistic Regression,7,261,1,0.4270705846392227
Logistic Regression,7,276,1,0.1471046863574994
Logistic Regression,7,282,0,0.4392639109670361
Logistic Regression,7,292,1,0.7291232947614835
Logistic Regression,7,306,1,0.6726485834225036
Logistic Regression,7,308,1,0.3873140657540933
Logistic Regression,7,311,0,0.25774572481767977
Logistic Regression,7,316,0,0.03156168323735244
Logistic Regression,7,321,1,0.14455769822038717
Logistic Regression,7,339,1,0.8839035526188003
Logistic Regression,7,365,0,0.1889884765100618
Logistic Regression,7,366,1,0.2448039041228389
Logistic Regression,7,374,0,0.46654962276591344
Logistic Regression,7,394,1,0.676605983944545
Logistic Regression,7,406,1,0.2045772509184189
Logistic Regression,7,423,0,0.16152604247952887
Logistic Regression,7,436,0,0.7268624557108654
Logistic Regression,7,441,0,0.06173548828259184
Logistic Regression,7,442,0,0.20125374125524417
Logistic Regression,7,448,1,0.11647326002630877
Logistic Regression,7,467,0,0.13434202153810262
Logistic Regression,7,473,0,0.40147470944447056
Logistic Regression,7,497,0,0.049576821330921984
Logistic Regression,7,503,0,0.23968279433886938
Logistic Regression,7,511,0,0.1334611090058957
Logistic Regression,7,522,0,0.21989345117242376
Logistic Regression,7,524,0,0.21656418368492833
Logistic Regression,7,538,0,0.3916357495278422
Logistic Regression,7,547,0,0.33597539227107276
Logistic Regression,7,550,0,0.09338981158554355
Logistic Regression,7,563,0,0.11769885522789138
Logistic Regression,7,569,1,0.2207402270763506
Logistic Regression,7,570,0,0.06677826681747859
Logistic Regression,7,574,0,0.430556387337512
Logistic Regression,7,575,0,0.21908017204723662
Logistic Regression,7,578,0,0.39992933302533373
Logistic Regression,7,586,1,0.5912182513035751
Logistic Regression,7,602,0,0.12403696112663982
Logistic Regression,7,623,0,0.1499056357150302
Logistic Regression,7,634,0,0.11382207200770426
Logistic Regression,7,635,1,0.3840200302901379
Logistic Regression,7,664,1,0.3116795030647135
Logistic Regression,7,668,0,0.27266840526870584
Logistic Regression,7,683,1,0.30810057822758924
Logistic Regression,7,712,1,0.7317315291236066
Logistic Regression,7,714,0,0.08975930413722706
Logistic Regression,7,728,0,0.390647462475786
Logistic Regression,7,733,0,0.13248427173294425
Logistic Regression,7,737,0,0.09927733128699202
Logistic Regression,7,751,0,0.25278922124623443
Logistic Regression,7,757,1,0.28117597684588785
J48 reference,7,3,0,0.12790697674418605
J48 reference,7,22,1,0.8918918918918919
J48 reference,7,25,1,0.6923076923076923
J48 reference,7,26,1,0.6530612244897959
J48 reference,7,40,0,0.8918918918918919
J48 reference,7,65,0,0.6923076923076923
J48 reference,7,89,0,0.008264462809917356
J48 reference,7,115,1,0.6530612244897959
J48 reference,7,117,0,0.12790697674418605
J48 reference,7,120,1,0.6530612244897959
J48 reference,7,121,0,0.12790697674418605
J48 reference,7,134,0,0.008264462809917356
J48 reference,7,142,0,0.12790697674418605
J48 reference,7,155,1,0.6530612244897959
J48 reference,7,174,0,0.0
J48 reference,7,182,0,0.12790697674418605
J48 reference,7,188,1,0.7352941176470589
J48 reference,7,200,0,0.12790697674418605
J48 reference,7,203,0,0.008264462809917356
J48 reference,7,205,0,0.008264462809917356
J48 reference,7,212,0,0.8918918918918919
J48 reference,7,222,0,0.008264462809917356
J48 reference,7,225,0,0.12790697674418605
J48 reference,7,230,1,0.6530612244897959
J48 reference,7,231,1,0.8571428571428571
J48 reference,7,257,0,0.12790697674418605
J48 reference,7,261,1,0.2542372881355932
J48 reference,7,276,1,0.008264462809917356
J48 reference,7,282,0,0.6530612244897959
J48 reference,7,292,1,0.6530612244897959
J48 reference,7,306,1,0.2542372881355932
J48 reference,7,308,1,0.6530612244897959
J48 reference,7,311,0,0.12790697674418605
J48 reference,7,316,0,0.008264462809917356
J48 reference,7,321,1,0.12790697674418605
J48 reference,7,339,1,0.8918918918918919
J48 reference,7,365,0,0.0
J48 reference,7,366,1,0.12790697674418605
J48 reference,7,374,0,0.12790697674418605
J48 reference,7,394,1,0.6530612244897959
J48 reference,7,406,1,0.6923076923076923
J48 reference,7,423,0,0.12790697674418605
J48 reference,7,436,0,0.6530612244897959
J48 reference,7,441,0,0.12790697674418605
J48 reference,7,442,0,0.12790697674418605
J48 reference,7,448,1,0.12790697674418605
J48 reference,7,467,0,0.12790697674418605
J48 reference,7,473,0,0.2542372881355932
J48 reference,7,497,0,0.12790697674418605
J48 reference,7,503,0,0.0
J48 reference,7,511,0,0.2542372881355932
J48 reference,7,522,0,0.12790697674418605
J48 reference,7,524,0,0.12790697674418605
J48 reference,7,538,0,0.12790697674418605
J48 reference,7,547,0,0.6530612244897959
J48 reference,7,550,0,0.12790697674418605
J48 reference,7,563,0,0.0
J48 reference,7,569,1,0.6923076923076923
J48 reference,7,570,0,0.05555555555555555
J48 reference,7,574,0,0.2542372881355932
J48 reference,7,575,0,0.12790697674418605
J48 reference,7,578,0,0.2542372881355932
J48 reference,7,586,1,0.6530612244897959
J48 reference,7,602,0,0.0
J48 reference,7,623,0,0.12790697674418605
J48 reference,7,634,0,0.008264462809917356
J48 reference,7,635,1,0.6923076923076923
J48 reference,7,664,1,0.0
J48 reference,7,668,0,0.0
J48 reference,7,683,1,0.12790697674418605
J48 reference,7,712,1,0.6530612244897959
J48 reference,7,714,0,0.6923076923076923
J48 reference,7,728,0,0.8918918918918919
J48 reference,7,733,0,0.12790697674418605
J48 reference,7,737,0,0.05555555555555555
J48 reference,7,751,0,0.12790697674418605
J48 reference,7,757,1,0.6923076923076923
J48 zeros untreated,7,3,0,0.13333333333333333
J48 zeros untreated,7,22,1,0.8918918918918919
J48 zeros untreated,7,25,1,0.0
J48 zeros untreated,7,26,1,0.6078431372549019
J48 zeros untreated,7,40,0,0.8918918918918919
J48 zeros untreated,7,65,0,0.9411764705882353
J48 zeros untreated,7,89,0,0.023076923076923078
J48 zeros untreated,7,115,1,0.6078431372549019
J48 zeros untreated,7,117,0,0.13333333333333333
J48 zeros untreated,7,120,1,0.6078431372549019
J48 zeros untreated,7,121,0,0.13333333333333333
J48 zeros untreated,7,134,0,0.023076923076923078
J48 zeros untreated,7,142,0,0.13333333333333333
J48 zeros untreated,7,155,1,0.6078431372549019
J48 zeros untreated,7,174,0,0.041666666666666664
J48 zeros untreated,7,182,0,0.13333333333333333
J48 zeros untreated,7,188,1,1.0
J48 zeros untreated,7,200,0,0.13333333333333333
J48 zeros untreated,7,203,0,0.023076923076923078
J48 zeros untreated,7,205,0,0.023076923076923078
J48 zeros untreated,7,212,0,0.8918918918918919
J48 zeros untreated,7,222,0,0.023076923076923078
J48 zeros untreated,7,225,0,0.13333333333333333
J48 zeros untreated,7,230,1,0.6078431372549019
J48 zeros untreated,7,231,1,0.6078431372549019
J48 zeros untreated,7,257,0,0.13333333333333333
J48 zeros untreated,7,261,1,0.275
J48 zeros untreated,7,276,1,0.023076923076923078
J48 zeros untreated,7,282,0,0.6078431372549019
J48 zeros untreated,7,292,1,0.6078431372549019
J48 zeros untreated,7,306,1,1.0
J48 zeros untreated,7,308,1,0.6078431372549019
J48 zeros untreated,7,311,0,0.13333333333333333
J48 zeros untreated,7,316,0,0.023076923076923078
J48 zeros untreated,7,321,1,0.13333333333333333
J48 zeros untreated,7,339,1,0.8918918918918919
J48 zeros untreated,7,365,0,1.0
J48 zeros untreated,7,366,1,0.13333333333333333
J48 zeros untreated,7,374,0,0.13333333333333333
J48 zeros untreated,7,394,1,0.6078431372549019
J48 zeros untreated,7,406,1,0.9411764705882353
J48 zeros untreated,7,423,0,0.13333333333333333
J48 zeros untreated,7,436,0,0.6078431372549019
J48 zeros untreated,7,441,0,0.13333333333333333
J48 zeros untreated,7,442,0,0.13333333333333333
J48 zeros untreated,7,448,1,0.13333333333333333
J48 zeros untreated,7,467,0,0.13333333333333333
J48 zeros untreated,7,473,0,0.275
J48 zeros untreated,7,497,0,0.13333333333333333
J48 zeros untreated,7,503,0,1.0
J48 zeros untreated,7,511,0,0.275
J48 zeros untreated,7,522,0,0.023076923076923078
J48 zeros untreated,7,524,0,0.13333333333333333
J48 zeros untreated,7,538,0,0.13333333333333333
J48 zeros untreated,7,547,0,0.6078431372549019
J48 zeros untreated,7,550,0,0.13333333333333333
J48 zeros untreated,7,563,0,1.0
J48 zeros untreated,7,569,1,0.08695652173913043
J48 zeros untreated,7,570,0,0.041666666666666664
J48 zeros untreated,7,574,0,0.275
J48 zeros untreated,7,575,0,0.13333333333333333
J48 zeros untreated,7,578,0,1.0
J48 zeros untreated,7,586,1,0.6078431372549019
J48 zeros untreated,7,602,0,0.0
J48 zeros untreated,7,623,0,0.13333333333333333
J48 zeros untreated,7,634,0,0.023076923076923078
J48 zeros untreated,7,635,1,1.0
J48 zeros untreated,7,664,1,0.08695652173913043
J48 zeros untreated,7,668,0,0.08695652173913043
J48 zeros untreated,7,683,1,0.13333333333333333
J48 zeros untreated,7,712,1,0.16666666666666666
J48 zeros untreated,7,714,0,0.9411764705882353
J48 zeros untreated,7,728,0,0.8918918918918919
J48 zeros untreated,7,733,0,0.13333333333333333
J48 zeros untreated,7,737,0,0.041666666666666664
J48 zeros untreated,7,751,0,0.13333333333333333
J48 zeros untreated,7,757,1,0.9411764705882353
J48 unpruned,7,3,0,0.12790697674418605
J48 unpruned,7,22,1,0.8918918918918919
J48 unpruned,7,25,1,0.6923076923076923
J48 unpruned,7,26,1,0.589041095890411
J48 unpruned,7,40,0,0.8918918918918919
J48 unpruned,7,65,0,0.6923076923076923
J48 unpruned,7,89,0,0.008264462809917356
J48 unpruned,7,115,1,0.589041095890411
J48 unpruned,7,117,0,0.12790697674418605
J48 unpruned,7,120,1,0.589041095890411
J48 unpruned,7,121,0,0.12790697674418605
J48 unpruned,7,134,0,0.008264462809917356
J48 unpruned,7,142,0,0.12790697674418605
J48 unpruned,7,155,1,0.589041095890411
J48 unpruned,7,174,0,0.0
J48 unpruned,7,182,0,0.12790697674418605
J48 unpruned,7,188,1,0.7352941176470589
J48 unpruned,7,200,0,0.12790697674418605
J48 unpruned,7,203,0,0.008264462809917356
J48 unpruned,7,205,0,0.008264462809917356
J48 unpruned,7,212,0,0.8918918918918919
J48 unpruned,7,222,0,0.008264462809917356
J48 unpruned,7,225,0,0.12790697674418605
J48 unpruned,7,230,1,0.589041095890411
J48 unpruned,7,231,1,0.75
J48 unpruned,7,257,0,0.12790697674418605
J48 unpruned,7,261,1,0.2542372881355932
J48 unpruned,7,276,1,0.008264462809917356
J48 unpruned,7,282,0,0.589041095890411
J48 unpruned,7,292,1,0.589041095890411
J48 unpruned,7,306,1,0.2542372881355932
J48 unpruned,7,308,1,0.589041095890411
J48 unpruned,7,311,0,0.12790697674418605
J48 unpruned,7,316,0,0.008264462809917356
J48 unpruned,7,321,1,0.12790697674418605
J48 unpruned,7,339,1,0.8918918918918919
J48 unpruned,7,365,0,0.0
J48 unpruned,7,366,1,0.12790697674418605
J48 unpruned,7,374,0,0.12790697674418605
J48 unpruned,7,394,1,0.589041095890411
J48 unpruned,7,406,1,0.6923076923076923
J48 unpruned,7,423,0,0.12790697674418605
J48 unpruned,7,436,0,0.8571428571428571
J48 unpruned,7,441,0,0.12790697674418605
J48 unpruned,7,442,0,0.12790697674418605
J48 unpruned,7,448,1,0.12790697674418605
J48 unpruned,7,467,0,0.12790697674418605
J48 unpruned,7,473,0,0.2542372881355932
J48 unpruned,7,497,0,0.12790697674418605
J48 unpruned,7,503,0,0.0
J48 unpruned,7,511,0,0.2542372881355932
J48 unpruned,7,522,0,0.12790697674418605
J48 unpruned,7,524,0,0.12790697674418605
J48 unpruned,7,538,0,0.12790697674418605
J48 unpruned,7,547,0,0.589041095890411
J48 unpruned,7,550,0,0.12790697674418605
J48 unpruned,7,563,0,0.0
J48 unpruned,7,569,1,0.6923076923076923
J48 unpruned,7,570,0,0.05555555555555555
J48 unpruned,7,574,0,0.2542372881355932
J48 unpruned,7,575,0,0.12790697674418605
J48 unpruned,7,578,0,0.2542372881355932
J48 unpruned,7,586,1,0.8571428571428571
J48 unpruned,7,602,0,0.0
J48 unpruned,7,623,0,0.12790697674418605
J48 unpruned,7,634,0,0.008264462809917356
J48 unpruned,7,635,1,0.6923076923076923
J48 unpruned,7,664,1,0.0
J48 unpruned,7,668,0,0.0
J48 unpruned,7,683,1,0.12790697674418605
J48 unpruned,7,712,1,0.8571428571428571
J48 unpruned,7,714,0,0.6923076923076923
J48 unpruned,7,728,0,0.8918918918918919
J48 unpruned,7,733,0,0.12790697674418605
J48 unpruned,7,737,0,0.05555555555555555
J48 unpruned,7,751,0,0.12790697674418605
J48 unpruned,7,757,1,0.6923076923076923
J48 SMOTE,7,3,0,0.0
J48 SMOTE,7,22,1,0.9221556886227545
J48 SMOTE,7,25,1,0.6103896103896104
J48 SMOTE,7,26,1,0.6103896103896104
J48 SMOTE,7,40,0,0.9221556886227545
J48 SMOTE,7,65,0,0.5714285714285714
J48 SMOTE,7,89,0,0.03571428571428571
J48 SMOTE,7,115,1,1.0
J48 SMOTE,7,117,0,0.2
J48 SMOTE,7,120,1,0.9221556886227545
J48 SMOTE,7,121,0,0.03571428571428571
J48 SMOTE,7,134,0,0.0
J48 SMOTE,7,142,0,0.0
J48 SMOTE,7,155,1,0.6103896103896104
J48 SMOTE,7,174,0,0.0
J48 SMOTE,7,182,0,0.19444444444444445
J48 SMOTE,7,188,1,0.9583333333333334
J48 SMOTE,7,200,0,0.041666666666666664
J48 SMOTE,7,203,0,0.03571428571428571
J48 SMOTE,7,205,0,0.03571428571428571
J48 SMOTE,7,212,0,0.9221556886227545
J48 SMOTE,7,222,0,0.19444444444444445
J48 SMOTE,7,225,0,0.0
J48 SMOTE,7,230,1,1.0
J48 SMOTE,7,231,1,0.6103896103896104
J48 SMOTE,7,257,0,1.0
J48 SMOTE,7,261,1,0.9473684210526315
J48 SMOTE,7,276,1,0.03571428571428571
J48 SMOTE,7,282,0,0.6103896103896104
J48 SMOTE,7,292,1,1.0
J48 SMOTE,7,306,1,0.0
J48 SMOTE,7,308,1,0.0
J48 SMOTE,7,311,0,0.0
J48 SMOTE,7,316,0,0.03571428571428571
J48 SMOTE,7,321,1,0.041666666666666664
J48 SMOTE,7,339,1,0.9221556886227545
J48 SMOTE,7,365,0,1.0
J48 SMOTE,7,366,1,0.19444444444444445
J48 SMOTE,7,374,0,1.0
J48 SMOTE,7,394,1,0.9221556886227545
J48 SMOTE,7,406,1,0.9629629629629629
J48 SMOTE,7,423,0,0.0
J48 SMOTE,7,436,0,0.6103896103896104
J48 SMOTE,7,441,0,0.0
J48 SMOTE,7,442,0,0.0
J48 SMOTE,7,448,1,0.0
J48 SMOTE,7,467,0,1.0
J48 SMOTE,7,473,0,0.6103896103896104
J48 SMOTE,7,497,0,0.0
J48 SMOTE,7,503,0,0.0
J48 SMOTE,7,511,0,0.19444444444444445
J48 SMOTE,7,522,0,0.0
J48 SMOTE,7,524,0,0.0
J48 SMOTE,7,538,0,0.041666666666666664
J48 SMOTE,7,547,0,1.0
J48 SMOTE,7,550,0,0.19444444444444445
J48 SMOTE,7,563,0,0.0
J48 SMOTE,7,569,1,0.6103896103896104
J48 SMOTE,7,570,0,0.0
J48 SMOTE,7,574,0,0.041666666666666664
J48 SMOTE,7,575,0,0.0
J48 SMOTE,7,578,0,0.19444444444444445
J48 SMOTE,7,586,1,0.6103896103896104
J48 SMOTE,7,602,0,0.19444444444444445
J48 SMOTE,7,623,0,0.0
J48 SMOTE,7,634,0,0.0
J48 SMOTE,7,635,1,0.5714285714285714
J48 SMOTE,7,664,1,0.9629629629629629
J48 SMOTE,7,668,0,0.5714285714285714
J48 SMOTE,7,683,1,0.041666666666666664
J48 SMOTE,7,712,1,0.6103896103896104
J48 SMOTE,7,714,0,0.5714285714285714
J48 SMOTE,7,728,0,0.875
J48 SMOTE,7,733,0,0.0
J48 SMOTE,7,737,0,0.0
J48 SMOTE,7,751,0,0.0
J48 SMOTE,7,757,1,0.6103896103896104
J48 capped,7,3,0,0.12790697674418605
J48 capped,7,22,1,0.8918918918918919
J48 capped,7,25,1,0.37777777777777777
J48 capped,7,26,1,0.625
J48 capped,7,40,0,0.8918918918918919
J48 capped,7,65,0,0.37777777777777777
J48 capped,7,89,0,0.008264462809917356
J48 capped,7,115,1,0.625
J48 capped,7,117,0,0.12790697674418605
J48 capped,7,120,1,0.625
J48 capped,7,121,0,0.12790697674418605
J48 capped,7,134,0,0.008264462809917356
J48 capped,7,142,0,0.12790697674418605
J48 capped,7,155,1,0.625
J48 capped,7,174,0,0.0
J48 capped,7,182,0,0.12790697674418605
J48 capped,7,188,1,1.0
J48 capped,7,200,0,0.12790697674418605
J48 capped,7,203,0,0.008264462809917356
J48 capped,7,205,0,0.008264462809917356
J48 capped,7,212,0,0.8918918918918919
J48 capped,7,222,0,0.008264462809917356
J48 capped,7,225,0,0.12790697674418605
J48 capped,7,230,1,0.625
J48 capped,7,231,1,0.22727272727272727
J48 capped,7,257,0,0.12790697674418605
J48 capped,7,261,1,0.2542372881355932
J48 capped,7,276,1,0.008264462809917356
J48 capped,7,282,0,1.0
J48 capped,7,292,1,0.22727272727272727
J48 capped,7,306,1,0.2542372881355932
J48 capped,7,308,1,1.0
J48 capped,7,311,0,0.12790697674418605
J48 capped,7,316,0,0.008264462809917356
J48 capped,7,321,1,0.12790697674418605
J48 capped,7,339,1,0.8918918918918919
J48 capped,7,365,0,0.37777777777777777
J48 capped,7,366,1,0.12790697674418605
J48 capped,7,374,0,0.12790697674418605
J48 capped,7,394,1,0.625
J48 capped,7,406,1,0.37777777777777777
J48 capped,7,423,0,0.12790697674418605
J48 capped,7,436,0,0.9166666666666666
J48 capped,7,441,0,0.12790697674418605
J48 capped,7,442,0,0.12790697674418605
J48 capped,7,448,1,0.12790697674418605
J48 capped,7,467,0,0.12790697674418605
J48 capped,7,473,0,0.2542372881355932
J48 capped,7,497,0,0.12790697674418605
J48 capped,7,503,0,1.0
J48 capped,7,511,0,0.2542372881355932
J48 capped,7,522,0,0.12790697674418605
J48 capped,7,524,0,0.12790697674418605
J48 capped,7,538,0,0.12790697674418605
J48 capped,7,547,0,0.22727272727272727
J48 capped,7,550,0,0.12790697674418605
J48 capped,7,563,0,0.37777777777777777
J48 capped,7,569,1,0.37777777777777777
J48 capped,7,570,0,0.0
J48 capped,7,574,0,0.2542372881355932
J48 capped,7,575,0,0.12790697674418605
J48 capped,7,578,0,0.2542372881355932
J48 capped,7,586,1,0.9166666666666666
J48 capped,7,602,0,0.37777777777777777
J48 capped,7,623,0,0.12790697674418605
J48 capped,7,634,0,0.008264462809917356
J48 capped,7,635,1,0.37777777777777777
J48 capped,7,664,1,0.37777777777777777
J48 capped,7,668,0,0.37777777777777777
J48 capped,7,683,1,0.12790697674418605
J48 capped,7,712,1,0.9166666666666666
J48 capped,7,714,0,0.37777777777777777
J48 capped,7,728,0,0.8918918918918919
J48 capped,7,733,0,0.12790697674418605
J48 capped,7,737,0,0.0
J48 capped,7,751,0,0.12790697674418605
J48 capped,7,757,1,0.37777777777777777
J48 five features,7,3,0,0.18937644341801385
J48 five features,7,22,1,0.8918918918918919
J48 five features,7,25,1,0.18937644341801385
J48 five features,7,26,1,0.624
J48 five features,7,40,0,0.8918918918918919
J48 five features,7,65,0,0.18937644341801385
J48 five features,7,89,0,0.18937644341801385
J48 five features,7,115,1,0.624
J48 five features,7,117,0,0.18937644341801385
J48 five features,7,120,1,0.624
J48 five features,7,121,0,0.18937644341801385
J48 five features,7,134,0,0.18937644341801385
J48 five features,7,142,0,0.18937644341801385
J48 five features,7,155,1,0.624
J48 five features,7,174,0,0.18937644341801385
J48 five features,7,182,0,0.18937644341801385
J48 five features,7,188,1,0.18937644341801385
J48 five features,7,200,0,0.18937644341801385
J48 five features,7,203,0,0.18937644341801385
J48 five features,7,205,0,0.18937644341801385
J48 five features,7,212,0,0.8918918918918919
J48 five features,7,222,0,0.18937644341801385
J48 five features,7,225,0,0.18937644341801385
J48 five features,7,230,1,0.624
J48 five features,7,231,1,0.624
J48 five features,7,257,0,0.18937644341801385
J48 five features,7,261,1,0.2542372881355932
J48 five features,7,276,1,0.18937644341801385
J48 five features,7,282,0,0.624
J48 five features,7,292,1,0.624
J48 five features,7,306,1,0.2542372881355932
J48 five features,7,308,1,0.624
J48 five features,7,311,0,0.18937644341801385
J48 five features,7,316,0,0.18937644341801385
J48 five features,7,321,1,0.18937644341801385
J48 five features,7,339,1,0.8918918918918919
J48 five features,7,365,0,0.18937644341801385
J48 five features,7,366,1,0.18937644341801385
J48 five features,7,374,0,0.18937644341801385
J48 five features,7,394,1,0.624
J48 five features,7,406,1,0.18937644341801385
J48 five features,7,423,0,0.18937644341801385
J48 five features,7,436,0,0.624
J48 five features,7,441,0,0.18937644341801385
J48 five features,7,442,0,0.18937644341801385
J48 five features,7,448,1,0.18937644341801385
J48 five features,7,467,0,0.18937644341801385
J48 five features,7,473,0,0.2542372881355932
J48 five features,7,497,0,0.18937644341801385
J48 five features,7,503,0,0.18937644341801385
J48 five features,7,511,0,0.2542372881355932
J48 five features,7,522,0,0.18937644341801385
J48 five features,7,524,0,0.18937644341801385
J48 five features,7,538,0,0.18937644341801385
J48 five features,7,547,0,0.624
J48 five features,7,550,0,0.18937644341801385
J48 five features,7,563,0,0.18937644341801385
J48 five features,7,569,1,0.18937644341801385
J48 five features,7,570,0,0.18937644341801385
J48 five features,7,574,0,0.2542372881355932
J48 five features,7,575,0,0.18937644341801385
J48 five features,7,578,0,0.2542372881355932
J48 five features,7,586,1,0.624
J48 five features,7,602,0,0.18937644341801385
J48 five features,7,623,0,0.18937644341801385
J48 five features,7,634,0,0.18937644341801385
J48 five features,7,635,1,0.18937644341801385
J48 five features,7,664,1,0.18937644341801385
J48 five features,7,668,0,0.18937644341801385
J48 five features,7,683,1,0.18937644341801385
J48 five features,7,712,1,0.624
J48 five features,7,714,0,0.18937644341801385
J48 five features,7,728,0,0.8918918918918919
J48 five features,7,733,0,0.18937644341801385
J48 five features,7,737,0,0.18937644341801385
J48 five features,7,751,0,0.18937644341801385
J48 five features,7,757,1,0.18937644341801385
J48,8,2,1,0.391304347826087
J48,8,36,0,0.7403314917127072
J48,8,45,1,0.7403314917127072
J48,8,50,0,0.009259259259259259
J48,8,62,0,0.009259259259259259
J48,8,64,1,0.3584905660377358
J48,8,73,0,0.7403314917127072
J48,8,92,0,0.0
J48,8,102,0,0.009259259259259259
J48,8,109,1,0.11695906432748537
J48,8,149,0,0.11695906432748537
J48,8,151,0,0.009259259259259259
J48,8,153,0,0.7403314917127072
J48,8,158,0,0.11695906432748537
J48,8,176,0,0.3584905660377358
J48,8,191,0,0.3584905660377358
J48,8,209,1,0.7403314917127072
J48,8,211,0,0.7403314917127072
J48,8,218,1,0.7647058823529411
J48,8,221,1,0.7403314917127072
J48,8,247,0,0.7403314917127072
J48,8,249,0,0.11695906432748537
J48,8,259,1,0.7403314917127072
J48,8,271,0,0.009259259259259259
J48,8,280,1,0.7403314917127072
J48,8,313,0,0.11695906432748537
J48,8,332,1,0.7403314917127072
J48,8,336,0,0.7647058823529411
J48,8,342,0,0.11695906432748537
J48,8,345,0,0.3584905660377358
J48,8,347,0,0.009259259259259259
J48,8,348,0,0.009259259259259259
J48,8,349,1,0.3584905660377358
J48,8,353,0,0.11695906432748537
J48,8,356,1,0.11695906432748537
J48,8,357,1,0.7403314917127072
J48,8,378,1,0.7403314917127072
J48,8,379,0,0.0
J48,8,386,1,0.7647058823529411
J48,8,392,0,0.15789473684210525
J48,8,415,1,0.7403314917127072
J48,8,435,1,0.7403314917127072
J48,8,449,0,0.11695906432748537
J48,8,452,0,0.11695906432748537
J48,8,461,0,0.009259259259259259
J48,8,477,0,0.009259259259259259
J48,8,480,1,0.7403314917127072
J48,8,484,1,0.7403314917127072
J48,8,500,0,0.009259259259259259
J48,8,507,0,0.15789473684210525
J48,8,508,0,0.11695906432748537
J48,8,510,1,0.3584905660377358
J48,8,533,0,0.3584905660377358
J48,8,546,1,0.7403314917127072
J48,8,548,0,0.7403314917127072
J48,8,558,0,0.3584905660377358
J48,8,562,0,0.11695906432748537
J48,8,564,0,0.11695906432748537
J48,8,581,0,0.009259259259259259
J48,8,588,1,0.7403314917127072
J48,8,597,0,0.11695906432748537
J48,8,610,0,0.11695906432748537
J48,8,641,0,0.7403314917127072
J48,8,645,0,0.7403314917127072
J48,8,667,1,0.3584905660377358
J48,8,669,0,0.7403314917127072
J48,8,676,1,0.391304347826087
J48,8,685,0,0.7403314917127072
J48,8,694,0,0.009259259259259259
J48,8,697,0,0.009259259259259259
J48,8,706,1,0.3584905660377358
J48,8,710,0,0.7403314917127072
J48,8,715,1,0.7403314917127072
J48,8,718,0,0.11695906432748537
J48,8,734,0,0.009259259259259259
J48,8,735,0,0.11695906432748537
J48,8,750,1,0.7403314917127072
Naive Bayes,8,2,1,0.9283407046906453
Naive Bayes,8,36,0,0.9133927118183641
Naive Bayes,8,45,1,0.9906583062343058
Naive Bayes,8,50,0,0.001472404137341538
Naive Bayes,8,62,0,0.023650430306251614
Naive Bayes,8,64,1,0.4611664470030112
Naive Bayes,8,73,0,0.4549108666224291
Naive Bayes,8,92,0,0.3477943461628585
Naive Bayes,8,102,0,0.13070085377122376
Naive Bayes,8,109,1,0.03957047010413363
Naive Bayes,8,149,0,0.009626999987122858
Naive Bayes,8,151,0,0.09969812292273073
Naive Bayes,8,153,0,0.9580815218703793
Naive Bayes,8,158,0,0.004267087846308053
Naive Bayes,8,176,0,0.25212727877631186
Naive Bayes,8,191,0,0.5085419494940202
Naive Bayes,8,209,1,0.9928287840113437
Naive Bayes,8,211,0,0.8917340702911136
Naive Bayes,8,218,1,0.19511289747266183
Naive Bayes,8,221,1,0.9521829541557044
Naive Bayes,8,247,0,0.9836596118871529
Naive Bayes,8,249,0,0.06669069830978051
Naive Bayes,8,259,1,0.9963066124875847
Naive Bayes,8,271,0,0.009545923620763471
Naive Bayes,8,280,1,0.6799387037144281
Naive Bayes,8,313,0,0.004610787782868573
Naive Bayes,8,332,1,0.9799831283904111
Naive Bayes,8,336,0,0.6077421384440839
Naive Bayes,8,342,0,0.21512666314592802
Naive Bayes,8,345,0,0.7601640088505847
Naive Bayes,8,347,0,0.06662559325237448
Naive Bayes,8,348,0,0.00205829988645758
Naive Bayes,8,349,1,0.7365536769863543
Naive Bayes,8,353,0,0.0018818130147670194
Naive Bayes,8,356,1,0.5919441824582852
Naive Bayes,8,357,1,0.9765568929726827
Naive Bayes,8,378,1,0.9377587929539581
Naive Bayes,8,379,0,0.518282196962508
Naive Bayes,8,386,1,0.4923851241977062
Naive Bayes,8,392,0,0.036408090124338585
Naive Bayes,8,415,1,0.9621935666388458
Naive Bayes,8,435,1,0.7135906224171908
Naive Bayes,8,449,0,0.01927269374145284
Naive Bayes,8,452,0,0.29673955082937553
Naive Bayes,8,461,0,0.009379294678572016
Naive Bayes,8,477,0,0.01987907849188193
Naive Bayes,8,480,1,0.9174861829859249
Naive Bayes,8,484,1,0.8576123510658531
Naive Bayes,8,500,0,0.012878595642506256
Naive Bayes,8,507,0,0.19781457826166915
Naive Bayes,8,508,0,0.006093375972083854
Naive Bayes,8,510,1,0.5722476362084803
Naive Bayes,8,533,0,0.16858721581374425
Naive Bayes,8,546,1,0.9987867622487054
Naive Bayes,8,548,0,0.8303165013363284
Naive Bayes,8,558,0,0.9010082668072295
Naive Bayes,8,562,0,0.03818026242542229
Naive Bayes,8,564,0,0.15626955183057423
Naive Bayes,8,581,0,0.06421772496181352
Naive Bayes,8,588,1,0.9949805999481997
Naive Bayes,8,597,0,0.001011828520402182
Naive Bayes,8,610,0,0.05885762011245915
Naive Bayes,8,641,0,0.37539469193413827
Naive Bayes,8,645,0,0.9362438012305226
Naive Bayes,8,667,1,0.4196172042477739
Naive Bayes,8,669,0,0.7612579695032409
Naive Bayes,8,676,1,0.9114033157503599
Naive Bayes,8,685,0,0.5303845517706332
Naive Bayes,8,694,0,0.016442182334858915
Naive Bayes,8,697,0,0.03591122535335479
Naive Bayes,8,706,1,0.5821782757201615
Naive Bayes,8,710,0,0.35836716218858833
Naive Bayes,8,715,1,0.9897749663175498
Naive Bayes,8,718,0,0.34828330554075815
Naive Bayes,8,734,0,0.16941691955033505
Naive Bayes,8,735,0,0.14626505058766195
Naive Bayes,8,750,1,0.6668712724676591
Logistic Regression,8,2,1,0.7216390673388349
Logistic Regression,8,36,0,0.599702831069873
Logistic Regression,8,45,1,0.8904258555619927
Logistic Regression,8,50,0,0.036665775711058814
Logistic Regression,8,62,0,0.027354614339708233
Logistic Regression,8,64,1,0.31253931235617954
Logistic Regression,8,73,0,0.33774287295575134
Logistic Regression,8,92,0,0.3106154741947813
Logistic Regression,8,102,0,0.09235470942292283
Logistic Regression,8,109,1,0.0962941044833219
Logistic Regression,8,149,0,0.045714309798130064
Logistic Regression,8,151,0,0.1354716567300173
Logistic Regression,8,153,0,0.7189862278426417
Logistic Regression,8,158,0,0.04624506262430346
Logistic Regression,8,176,0,0.13627263269138717
Logistic Regression,8,191,0,0.43988782705922597
Logistic Regression,8,209,1,0.8447102260727296
Logistic Regression,8,211,0,0.5924433612883747
Logistic Regression,8,218,1,0.16759589971246017
Logistic Regression,8,221,1,0.6730454453823765
Logistic Regression,8,247,0,0.8316878340864621
Logistic Regression,8,249,0,0.09887530679605261
Logistic Regression,8,259,1,0.8829557597447811
Logistic Regression,8,271,0,0.06982559739583705
Logistic Regression,8,280,1,0.4561957212095718
Logistic Regression,8,313,0,0.15227706875601318
Logistic Regression,8,332,1,0.8216803862123865
Logistic Regression,8,336,0,0.3332271441527295
Logistic Regression,8,342,0,0.19840084712575393
Logistic Regression,8,345,0,0.5339352502862094
Logistic Regression,8,347,0,0.10252047031680107
Logistic Regression,8,348,0,0.04606774285875102
Logistic Regression,8,349,1,0.4453943783114116
Logistic Regression,8,353,0,0.05215566085208936
Logistic Regression,8,356,1,0.46224301144725644
Logistic Regression,8,357,1,0.7533976660675321
Logistic Regression,8,378,1,0.7863160474879485
Logistic Regression,8,379,0,0.2970234426366761
Logistic Regression,8,386,1,0.3276003386851433
Logistic Regression,8,392,0,0.15353391149985843
Logistic Regression,8,415,1,0.7009668983147777
Logistic Regression,8,435,1,0.4801403438764531
Logistic Regression,8,449,0,0.1179271608991035
Logistic Regression,8,452,0,0.1834996543984274
Logistic Regression,8,461,0,0.02557142765668298
Logistic Regression,8,477,0,0.13524605762322295
Logistic Regression,8,480,1,0.6465461036073521
Logistic Regression,8,484,1,0.6420876124321578
Logistic Regression,8,500,0,0.08267567998817225
Logistic Regression,8,507,0,0.2777552061928769
Logistic Regression,8,508,0,0.09239438244200669
Logistic Regression,8,510,1,0.1980468903272327
Logistic Regression,8,533,0,0.14335080104040102
Logistic Regression,8,546,1,0.9576417716900102
Logistic Regression,8,548,0,0.5770704087253922
Logistic Regression,8,558,0,0.5866727907610526
Logistic Regression,8,562,0,0.1120388640374307
Logistic Regression,8,564,0,0.10483366327859982
Logistic Regression,8,581,0,0.1293679577904884
Logistic Regression,8,588,1,0.8610879480328268
Logistic Regression,8,597,0,0.05657143946481991
Logistic Regression,8,610,0,0.1607880230958155
Logistic Regression,8,641,0,0.3277812160382834
Logistic Regression,8,645,0,0.6452906157649926
Logistic Regression,8,667,1,0.23475996490354234
Logistic Regression,8,669,0,0.5593284297618731
Logistic Regression,8,676,1,0.5346501168757626
Logistic Regression,8,685,0,0.3633065569942597
Logistic Regression,8,694,0,0.04668054061693815
Logistic Regression,8,697,0,0.05591958313709718
Logistic Regression,8,706,1,0.3376518623584303
Logistic Regression,8,710,0,0.47099448330475296
Logistic Regression,8,715,1,0.9068624106544451
Logistic Regression,8,718,0,0.263157110079432
Logistic Regression,8,734,0,0.1265075866290234
Logistic Regression,8,735,0,0.17365895455698782
Logistic Regression,8,750,1,0.5064652579503031
J48 reference,8,2,1,0.4074074074074074
J48 reference,8,36,0,0.8571428571428571
J48 reference,8,45,1,0.8888888888888888
J48 reference,8,50,0,0.009259259259259259
J48 reference,8,62,0,0.009259259259259259
J48 reference,8,64,1,0.3584905660377358
J48 reference,8,73,0,0.4482758620689655
J48 reference,8,92,0,0.0
J48 reference,8,102,0,0.009259259259259259
J48 reference,8,109,1,0.11695906432748537
J48 reference,8,149,0,0.11695906432748537
J48 reference,8,151,0,0.009259259259259259
J48 reference,8,153,0,0.4482758620689655
J48 reference,8,158,0,0.11695906432748537
J48 reference,8,176,0,0.3584905660377358
J48 reference,8,191,0,0.3584905660377358
J48 reference,8,209,1,0.8888888888888888
J48 reference,8,211,0,0.4482758620689655
J48 reference,8,218,1,0.14285714285714285
J48 reference,8,221,1,0.8888888888888888
J48 reference,8,247,0,0.8888888888888888
J48 reference,8,249,0,0.11695906432748537
J48 reference,8,259,1,0.8571428571428571
J48 reference,8,271,0,0.009259259259259259
J48 reference,8,280,1,0.4482758620689655
J48 reference,8,313,0,0.11695906432748537
J48 reference,8,332,1,0.8888888888888888
J48 reference,8,336,0,1.0
J48 reference,8,342,0,0.11695906432748537
J48 reference,8,345,0,0.3584905660377358
J48 reference,8,347,0,0.009259259259259259
J48 reference,8,348,0,0.009259259259259259
J48 reference,8,349,1,0.3584905660377358
J48 reference,8,353,0,0.11695906432748537
J48 reference,8,356,1,0.11695906432748537
J48 reference,8,357,1,0.8571428571428571
J48 reference,8,378,1,0.8888888888888888
J48 reference,8,379,0,0.0
J48 reference,8,386,1,0.14285714285714285
J48 reference,8,392,0,0.15789473684210525
J48 reference,8,415,1,0.8888888888888888
J48 reference,8,435,1,0.4482758620689655
J48 reference,8,449,0,0.11695906432748537
J48 reference,8,452,0,0.11695906432748537
J48 reference,8,461,0,0.009259259259259259
J48 reference,8,477,0,0.009259259259259259
J48 reference,8,480,1,0.8888888888888888
J48 reference,8,484,1,0.4482758620689655
J48 reference,8,500,0,0.009259259259259259
J48 reference,8,507,0,0.15789473684210525
J48 reference,8,508,0,0.11695906432748537
J48 reference,8,510,1,0.3584905660377358
J48 reference,8,533,0,0.3584905660377358
J48 reference,8,546,1,0.8888888888888888
J48 reference,8,548,0,0.8888888888888888
J48 reference,8,558,0,0.3584905660377358
J48 reference,8,562,0,0.11695906432748537
J48 reference,8,564,0,0.11695906432748537
J48 reference,8,581,0,0.009259259259259259
J48 reference,8,588,1,0.8888888888888888
J48 reference,8,597,0,0.11695906432748537
J48 reference,8,610,0,0.11695906432748537
J48 reference,8,641,0,0.4482758620689655
J48 reference,8,645,0,0.8888888888888888
J48 reference,8,667,1,0.3584905660377358
J48 reference,8,669,0,0.8571428571428571
J48 reference,8,676,1,0.4074074074074074
J48 reference,8,685,0,0.4482758620689655
J48 reference,8,694,0,0.009259259259259259
J48 reference,8,697,0,0.009259259259259259
J48 reference,8,706,1,0.3584905660377358
J48 reference,8,710,0,0.8888888888888888
J48 reference,8,715,1,0.8888888888888888
J48 reference,8,718,0,0.11695906432748537
J48 reference,8,734,0,0.009259259259259259
J48 reference,8,735,0,0.11695906432748537
J48 reference,8,750,1,0.4482758620689655
J48 zeros untreated,8,2,1,0.07142857142857142
J48 zeros untreated,8,36,0,0.8571428571428571
J48 zeros untreated,8,45,1,0.8888888888888888
J48 zeros untreated,8,50,0,0.017094017094017096
J48 zeros untreated,8,62,0,0.017094017094017096
J48 zeros untreated,8,64,1,0.37755102040816324
J48 zeros untreated,8,73,0,0.4230769230769231
J48 zeros untreated,8,92,0,0.038461538461538464
J48 zeros untreated,8,102,0,0.017094017094017096
J48 zeros untreated,8,109,1,0.12269938650306748
J48 zeros untreated,8,149,0,0.12269938650306748
J48 zeros untreated,8,151,0,0.017094017094017096
J48 zeros untreated,8,153,0,0.4230769230769231
J48 zeros untreated,8,158,0,0.12269938650306748
J48 zeros untreated,8,176,0,0.038461538461538464
J48 zeros untreated,8,191,0,0.37755102040816324
J48 zeros untreated,8,209,1,0.8888888888888888
J48 zeros untreated,8,211,0,0.4230769230769231
J48 zeros untreated,8,218,1,0.038461538461538464
J48 zeros untreated,8,221,1,0.8888888888888888
J48 zeros untreated,8,247,0,0.8888888888888888
J48 zeros untreated,8,249,0,0.12269938650306748
J48 zeros untreated,8,259,1,0.8571428571428571
J48 zeros untreated,8,271,0,0.017094017094017096
J48 zeros untreated,8,280,1,0.4230769230769231
J48 zeros untreated,8,313,0,0.12269938650306748
J48 zeros untreated,8,332,1,0.8888888888888888
J48 zeros untreated,8,336,0,0.7142857142857143
J48 zeros untreated,8,342,0,0.12269938650306748
J48 zeros untreated,8,345,0,0.37755102040816324
J48 zeros untreated,8,347,0,0.017094017094017096
J48 zeros untreated,8,348,0,0.017094017094017096
J48 zeros untreated,8,349,1,0.038461538461538464
J48 zeros untreated,8,353,0,0.12269938650306748
J48 zeros untreated,8,356,1,0.12269938650306748
J48 zeros untreated,8,357,1,0.8571428571428571
J48 zeros untreated,8,378,1,0.8888888888888888
J48 zeros untreated,8,379,0,0.7142857142857143
J48 zeros untreated,8,386,1,0.7142857142857143
J48 zeros untreated,8,392,0,0.15384615384615385
J48 zeros untreated,8,415,1,0.8888888888888888
J48 zeros untreated,8,435,1,0.9090909090909091
J48 zeros untreated,8,449,0,0.12269938650306748
J48 zeros untreated,8,452,0,0.12269938650306748
J48 zeros untreated,8,461,0,0.017094017094017096
J48 zeros untreated,8,477,0,0.017094017094017096
J48 zeros untreated,8,480,1,0.8888888888888888
J48 zeros untreated,8,484,1,0.9090909090909091
J48 zeros untreated,8,500,0,0.017094017094017096
J48 zeros untreated,8,507,0,0.15384615384615385
J48 zeros untreated,8,508,0,0.12269938650306748
J48 zeros untreated,8,510,1,0.038461538461538464
J48 zeros untreated,8,533,0,0.37755102040816324
J48 zeros untreated,8,546,1,0.8888888888888888
J48 zeros untreated,8,548,0,0.8888888888888888
J48 zeros untreated,8,558,0,0.37755102040816324
J48 zeros untreated,8,562,0,0.12269938650306748
J48 zeros untreated,8,564,0,0.12269938650306748
J48 zeros untreated,8,581,0,0.017094017094017096
J48 zeros untreated,8,588,1,0.8888888888888888
J48 zeros untreated,8,597,0,0.12269938650306748
J48 zeros untreated,8,610,0,0.12269938650306748
J48 zeros untreated,8,641,0,0.4230769230769231
J48 zeros untreated,8,645,0,0.8888888888888888
J48 zeros untreated,8,667,1,0.37755102040816324
J48 zeros untreated,8,669,0,0.8571428571428571
J48 zeros untreated,8,676,1,0.07142857142857142
J48 zeros untreated,8,685,0,0.4230769230769231
J48 zeros untreated,8,694,0,0.017094017094017096
J48 zeros untreated,8,697,0,0.017094017094017096
J48 zeros untreated,8,706,1,0.017094017094017096
J48 zeros untreated,8,710,0,0.8888888888888888
J48 zeros untreated,8,715,1,0.8888888888888888
J48 zeros untreated,8,718,0,0.12269938650306748
J48 zeros untreated,8,734,0,0.017094017094017096
J48 zeros untreated,8,735,0,0.12269938650306748
J48 zeros untreated,8,750,1,0.4230769230769231
J48 unpruned,8,2,1,0.4583333333333333
J48 unpruned,8,36,0,0.0
J48 unpruned,8,45,1,0.8888888888888888
J48 unpruned,8,50,0,0.009259259259259259
J48 unpruned,8,62,0,0.009259259259259259
J48 unpruned,8,64,1,0.4175824175824176
J48 unpruned,8,73,0,0.4482758620689655
J48 unpruned,8,92,0,0.0
J48 unpruned,8,102,0,0.009259259259259259
J48 unpruned,8,109,1,0.11695906432748537
J48 unpruned,8,149,0,0.11695906432748537
J48 unpruned,8,151,0,0.009259259259259259
J48 unpruned,8,153,0,0.4482758620689655
J48 unpruned,8,158,0,0.11695906432748537
J48 unpruned,8,176,0,0.0
J48 unpruned,8,191,0,0.4175824175824176
J48 unpruned,8,209,1,0.8888888888888888
J48 unpruned,8,211,0,0.4482758620689655
J48 unpruned,8,218,1,0.0
J48 unpruned,8,221,1,0.8888888888888888
J48 unpruned,8,247,0,0.8888888888888888
J48 unpruned,8,249,0,0.11695906432748537
J48 unpruned,8,259,1,1.0
J48 unpruned,8,271,0,0.009259259259259259
J48 unpruned,8,280,1,0.4482758620689655
J48 unpruned,8,313,0,0.11695906432748537
J48 unpruned,8,332,1,0.8888888888888888
J48 unpruned,8,336,0,1.0
J48 unpruned,8,342,0,0.11695906432748537
J48 unpruned,8,345,0,0.4175824175824176
J48 unpruned,8,347,0,0.009259259259259259
J48 unpruned,8,348,0,0.009259259259259259
J48 unpruned,8,349,1,0.4175824175824176
J48 unpruned,8,353,0,0.11695906432748537
J48 unpruned,8,356,1,0.11695906432748537
J48 unpruned,8,357,1,1.0
J48 unpruned,8,378,1,0.8888888888888888
J48 unpruned,8,379,0,0.0
J48 unpruned,8,386,1,0.14285714285714285
J48 unpruned,8,392,0,0.15789473684210525
J48 unpruned,8,415,1,0.8888888888888888
J48 unpruned,8,435,1,0.4482758620689655
J48 unpruned,8,449,0,0.11695906432748537
J48 unpruned,8,452,0,0.11695906432748537
J48 unpruned,8,461,0,0.009259259259259259
J48 unpruned,8,477,0,0.009259259259259259
J48 unpruned,8,480,1,0.8888888888888888
J48 unpruned,8,484,1,0.4482758620689655
J48 unpruned,8,500,0,0.009259259259259259
J48 unpruned,8,507,0,0.15789473684210525
J48 unpruned,8,508,0,0.11695906432748537
J48 unpruned,8,510,1,0.0
J48 unpruned,8,533,0,0.4175824175824176
J48 unpruned,8,546,1,0.8888888888888888
J48 unpruned,8,548,0,0.8888888888888888
J48 unpruned,8,558,0,0.4175824175824176
J48 unpruned,8,562,0,0.11695906432748537
J48 unpruned,8,564,0,0.11695906432748537
J48 unpruned,8,581,0,0.009259259259259259
J48 unpruned,8,588,1,0.8888888888888888
J48 unpruned,8,597,0,0.11695906432748537
J48 unpruned,8,610,0,0.11695906432748537
J48 unpruned,8,641,0,0.4482758620689655
J48 unpruned,8,645,0,0.8888888888888888
J48 unpruned,8,667,1,0.4175824175824176
J48 unpruned,8,669,0,1.0
J48 unpruned,8,676,1,0.4583333333333333
J48 unpruned,8,685,0,0.4482758620689655
J48 unpruned,8,694,0,0.009259259259259259
J48 unpruned,8,697,0,0.009259259259259259
J48 unpruned,8,706,1,0.4175824175824176
J48 unpruned,8,710,0,0.8888888888888888
J48 unpruned,8,715,1,0.8888888888888888
J48 unpruned,8,718,0,0.11695906432748537
J48 unpruned,8,734,0,0.009259259259259259
J48 unpruned,8,735,0,0.11695906432748537
J48 unpruned,8,750,1,0.4482758620689655
J48 SMOTE,8,2,1,0.9
J48 SMOTE,8,36,0,0.8011049723756906
J48 SMOTE,8,45,1,0.9308176100628931
J48 SMOTE,8,50,0,0.013888888888888888
J48 SMOTE,8,62,0,0.14942528735632185
J48 SMOTE,8,64,1,0.8011049723756906
J48 SMOTE,8,73,0,0.44881889763779526
J48 SMOTE,8,92,0,0.0
J48 SMOTE,8,102,0,0.037037037037037035
J48 SMOTE,8,109,1,0.14942528735632185
J48 SMOTE,8,149,0,0.013888888888888888
J48 SMOTE,8,151,0,0.0
J48 SMOTE,8,153,0,0.44881889763779526
J48 SMOTE,8,158,0,0.013888888888888888
J48 SMOTE,8,176,0,0.14942528735632185
J48 SMOTE,8,191,0,0.8011049723756906
J48 SMOTE,8,209,1,0.9308176100628931
J48 SMOTE,8,211,0,0.44881889763779526
J48 SMOTE,8,218,1,0.14942528735632185
J48 SMOTE,8,221,1,0.9308176100628931
J48 SMOTE,8,247,0,0.9308176100628931
J48 SMOTE,8,249,0,0.14942528735632185
J48 SMOTE,8,259,1,0.8011049723756906
J48 SMOTE,8,271,0,0.013888888888888888
J48 SMOTE,8,280,1,0.44881889763779526
J48 SMOTE,8,313,0,0.44881889763779526
J48 SMOTE,8,332,1,0.9308176100628931
J48 SMOTE,8,336,0,0.8011049723756906
J48 SMOTE,8,342,0,0.44881889763779526
J48 SMOTE,8,345,0,0.8011049723756906
J48 SMOTE,8,347,0,0.037037037037037035
J48 SMOTE,8,348,0,0.14942528735632185
J48 SMOTE,8,349,1,0.8011049723756906
J48 SMOTE,8,353,0,0.14942528735632185
J48 SMOTE,8,356,1,0.44881889763779526
J48 SMOTE,8,357,1,0.8011049723756906
J48 SMOTE,8,378,1,0.9308176100628931
J48 SMOTE,8,379,0,0.14942528735632185
J48 SMOTE,8,386,1,0.8011049723756906
J48 SMOTE,8,392,0,0.037037037037037035
J48 SMOTE,8,415,1,0.9308176100628931
J48 SMOTE,8,435,1,0.44881889763779526
J48 SMOTE,8,449,0,0.44881889763779526
J48 SMOTE,8,452,0,0.0
J48 SMOTE,8,461,0,0.14942528735632185
J48 SMOTE,8,477,0,0.07692307692307693
J48 SMOTE,8,480,1,0.9308176100628931
J48 SMOTE,8,484,1,0.8011049723756906
J48 SMOTE,8,500,0,0.037037037037037035
J48 SMOTE,8,507,0,0.44881889763779526
J48 SMOTE,8,508,0,0.013888888888888888
J48 SMOTE,8,510,1,0.0
J48 SMOTE,8,533,0,0.14942528735632185
J48 SMOTE,8,546,1,0.9308176100628931
J48 SMOTE,8,548,0,0.9308176100628931
J48 SMOTE,8,558,0,0.0
J48 SMOTE,8,562,0,0.14942528735632185
J48 SMOTE,8,564,0,0.14942528735632185
J48 SMOTE,8,581,0,0.14942528735632185
J48 SMOTE,8,588,1,0.9308176100628931
J48 SMOTE,8,597,0,0.013888888888888888
J48 SMOTE,8,610,0,1.0
J48 SMOTE,8,641,0,0.44881889763779526
J48 SMOTE,8,645,0,0.9308176100628931
J48 SMOTE,8,667,1,0.0
J48 SMOTE,8,669,0,0.8011049723756906
J48 SMOTE,8,676,1,0.9
J48 SMOTE,8,685,0,0.44881889763779526
J48 SMOTE,8,694,0,0.14942528735632185
J48 SMOTE,8,697,0,0.013888888888888888
J48 SMOTE,8,706,1,0.44881889763779526
J48 SMOTE,8,710,0,0.9308176100628931
J48 SMOTE,8,715,1,0.9308176100628931
J48 SMOTE,8,718,0,1.0
J48 SMOTE,8,734,0,0.14942528735632185
J48 SMOTE,8,735,0,0.14942528735632185
J48 SMOTE,8,750,1,0.44881889763779526
J48 capped,8,2,1,0.4074074074074074
J48 capped,8,36,0,0.8571428571428571
J48 capped,8,45,1,0.8888888888888888
J48 capped,8,50,0,0.009259259259259259
J48 capped,8,62,0,0.009259259259259259
J48 capped,8,64,1,0.3838383838383838
J48 capped,8,73,0,0.4482758620689655
J48 capped,8,92,0,0.0
J48 capped,8,102,0,0.009259259259259259
J48 capped,8,109,1,0.014705882352941176
J48 capped,8,149,0,0.014705882352941176
J48 capped,8,151,0,0.009259259259259259
J48 capped,8,153,0,0.4482758620689655
J48 capped,8,158,0,0.014705882352941176
J48 capped,8,176,0,0.0
J48 capped,8,191,0,0.3838383838383838
J48 capped,8,209,1,0.8888888888888888
J48 capped,8,211,0,0.4482758620689655
J48 capped,8,218,1,0.0
J48 capped,8,221,1,0.8888888888888888
J48 capped,8,247,0,0.8888888888888888
J48 capped,8,249,0,0.014705882352941176
J48 capped,8,259,1,0.8571428571428571
J48 capped,8,271,0,0.009259259259259259
J48 capped,8,280,1,0.4482758620689655
J48 capped,8,313,0,0.014705882352941176
J48 capped,8,332,1,0.8888888888888888
J48 capped,8,336,0,0.6666666666666666
J48 capped,8,342,0,1.0
J48 capped,8,345,0,0.3838383838383838
J48 capped,8,347,0,0.009259259259259259
J48 capped,8,348,0,0.009259259259259259
J48 capped,8,349,1,0.3838383838383838
J48 capped,8,353,0,0.014705882352941176
J48 capped,8,356,1,0.043478260869565216
J48 capped,8,357,1,0.8571428571428571
J48 capped,8,378,1,0.8888888888888888
J48 capped,8,379,0,0.0
J48 capped,8,386,1,0.0
J48 capped,8,392,0,0.15789473684210525
J48 capped,8,415,1,0.8888888888888888
J48 capped,8,435,1,0.4482758620689655
J48 capped,8,449,0,0.014705882352941176
J48 capped,8,452,0,0.043478260869565216
J48 capped,8,461,0,0.009259259259259259
J48 capped,8,477,0,0.009259259259259259
J48 capped,8,480,1,0.8888888888888888
J48 capped,8,484,1,0.4482758620689655
J48 capped,8,500,0,0.009259259259259259
J48 capped,8,507,0,0.15789473684210525
J48 capped,8,508,0,0.014705882352941176
J48 capped,8,510,1,0.0
J48 capped,8,533,0,0.3838383838383838
J48 capped,8,546,1,0.8888888888888888
J48 capped,8,548,0,0.8888888888888888
J48 capped,8,558,0,0.3838383838383838
J48 capped,8,562,0,0.0
J48 capped,8,564,0,0.14285714285714285
J48 capped,8,581,0,0.009259259259259259
J48 capped,8,588,1,0.8888888888888888
J48 capped,8,597,0,0.014705882352941176
J48 capped,8,610,0,0.014705882352941176
J48 capped,8,641,0,0.4482758620689655
J48 capped,8,645,0,0.8888888888888888
J48 capped,8,667,1,0.3838383838383838
J48 capped,8,669,0,0.8571428571428571
J48 capped,8,676,1,0.4074074074074074
J48 capped,8,685,0,0.4482758620689655
J48 capped,8,694,0,0.009259259259259259
J48 capped,8,697,0,0.009259259259259259
J48 capped,8,706,1,0.3838383838383838
J48 capped,8,710,0,0.8888888888888888
J48 capped,8,715,1,0.8888888888888888
J48 capped,8,718,0,0.043478260869565216
J48 capped,8,734,0,0.009259259259259259
J48 capped,8,735,0,0.14285714285714285
J48 capped,8,750,1,0.4482758620689655
J48 five features,8,2,1,0.30985915492957744
J48 five features,8,36,0,0.7403314917127072
J48 five features,8,45,1,0.7403314917127072
J48 five features,8,50,0,0.009259259259259259
J48 five features,8,62,0,0.009259259259259259
J48 five features,8,64,1,0.7916666666666666
J48 five features,8,73,0,0.7403314917127072
J48 five features,8,92,0,0.0
J48 five features,8,102,0,0.009259259259259259
J48 five features,8,109,1,0.11695906432748537
J48 five features,8,149,0,0.11695906432748537
J48 five features,8,151,0,0.009259259259259259
J48 five features,8,153,0,0.7403314917127072
J48 five features,8,158,0,0.11695906432748537
J48 five features,8,176,0,0.0
J48 five features,8,191,0,0.7916666666666666
J48 five features,8,209,1,0.7403314917127072
J48 five features,8,211,0,0.7403314917127072
J48 five features,8,218,1,0.0
J48 five features,8,221,1,0.7403314917127072
J48 five features,8,247,0,0.7403314917127072
J48 five features,8,249,0,0.11695906432748537
J48 five features,8,259,1,0.7403314917127072
J48 five features,8,271,0,0.009259259259259259
J48 five features,8,280,1,0.7403314917127072
J48 five features,8,313,0,0.11695906432748537
J48 five features,8,332,1,0.7403314917127072
J48 five features,8,336,0,0.6111111111111112
J48 five features,8,342,0,0.11695906432748537
J48 five features,8,345,0,0.2
J48 five features,8,347,0,0.009259259259259259
J48 five features,8,348,0,0.009259259259259259
J48 five features,8,349,1,0.6111111111111112
J48 five features,8,353,0,0.11695906432748537
J48 five features,8,356,1,0.11695906432748537
J48 five features,8,357,1,0.7403314917127072
J48 five features,8,378,1,0.7403314917127072
J48 five features,8,379,0,0.0
J48 five features,8,386,1,0.6111111111111112
J48 five features,8,392,0,0.30985915492957744
J48 five features,8,415,1,0.7403314917127072
J48 five features,8,435,1,0.7403314917127072
J48 five features,8,449,0,0.11695906432748537
J48 five features,8,452,0,0.11695906432748537
J48 five features,8,461,0,0.009259259259259259
J48 five features,8,477,0,0.009259259259259259
J48 five features,8,480,1,0.7403314917127072
J48 five features,8,484,1,0.7403314917127072
J48 five features,8,500,0,0.009259259259259259
J48 five features,8,507,0,0.30985915492957744
J48 five features,8,508,0,0.11695906432748537
J48 five features,8,510,1,0.0
J48 five features,8,533,0,0.14285714285714285
J48 five features,8,546,1,0.7403314917127072
J48 five features,8,548,0,0.7403314917127072
J48 five features,8,558,0,1.0
J48 five features,8,562,0,0.11695906432748537
J48 five features,8,564,0,0.11695906432748537
J48 five features,8,581,0,0.009259259259259259
J48 five features,8,588,1,0.7403314917127072
J48 five features,8,597,0,0.11695906432748537
J48 five features,8,610,0,0.11695906432748537
J48 five features,8,641,0,0.7403314917127072
J48 five features,8,645,0,0.7403314917127072
J48 five features,8,667,1,0.7916666666666666
J48 five features,8,669,0,0.7403314917127072
J48 five features,8,676,1,0.30985915492957744
J48 five features,8,685,0,0.7403314917127072
J48 five features,8,694,0,0.009259259259259259
J48 five features,8,697,0,0.009259259259259259
J48 five features,8,706,1,0.7916666666666666
J48 five features,8,710,0,0.7403314917127072
J48 five features,8,715,1,0.7403314917127072
J48 five features,8,718,0,0.11695906432748537
J48 five features,8,734,0,0.009259259259259259
J48 five features,8,735,0,0.11695906432748537
J48 five features,8,750,1,0.7403314917127072
J48,9,11,1,0.8870967741935484
J48,9,28,0,0.16666666666666666
J48,9,33,0,0.008620689655172414
J48,9,56,1,0.8870967741935484
J48,9,74,0,0.11695906432748537
J48,9,84,1,0.7758620689655172
J48,9,86,0,0.5877192982456141
J48,9,90,0,0.008620689655172414
J48,9,95,0,0.7758620689655172
J48,9,116,1,0.5877192982456141
J48,9,131,1,0.5877192982456141
J48,9,135,0,0.5877192982456141
J48,9,140,0,0.008620689655172414
J48,9,141,0,0.5877192982456141
J48,9,144,0,0.35294117647058826
J48,9,148,0,0.7758620689655172
J48,9,150,0,0.35294117647058826
J48,9,157,0,0.008620689655172414
J48,9,160,0,0.5517241379310345
J48,9,175,1,0.8870967741935484
J48,9,177,1,0.11695906432748537
J48,9,178,0,0.7758620689655172
J48,9,179,1,0.5877192982456141
J48,9,189,1,0.35294117647058826
J48,9,235,1,0.8870967741935484
J48,9,238,1,0.7758620689655172
J48,9,244,0,0.35294117647058826
J48,9,262,0,0.11695906432748537
J48,9,291,1,0.11695906432748537
J48,9,293,1,0.11695906432748537
J48,9,294,0,0.5517241379310345
J48,9,304,0,0.5517241379310345
J48,9,318,0,0.5877192982456141
J48,9,319,1,0.5517241379310345
J48,9,334,0,0.008620689655172414
J48,9,341,0,0.008620689655172414
J48,9,346,0,0.16666666666666666
J48,9,354,0,0.11695906432748537
J48,9,361,0,0.5517241379310345
J48,9,370,1,0.8870967741935484
J48,9,380,0,0.11695906432748537
J48,9,401,0,0.16666666666666666
J48,9,402,1,0.7758620689655172
J48,9,403,0,0.14035087719298245
J48,9,410,0,0.5877192982456141
J48,9,412,0,0.35294117647058826
J48,9,413,0,0.16666666666666666
J48,9,438,0,0.008620689655172414
J48,9,450,0,0.008620689655172414
J48,9,469,0,0.35294117647058826
J48,9,481,0,0.5877192982456141
J48,9,498,1,0.5517241379310345
J48,9,514,0,0.008620689655172414
J48,9,517,0,0.5877192982456141
J48,9,536,0,0.5877192982456141
J48,9,557,0,0.5877192982456141
J48,9,568,0,0.7758620689655172
J48,9,580,1,0.64
J48,9,590,1,0.5877192982456141
J48,9,618,1,0.5877192982456141
J48,9,631,0,0.11695906432748537
J48,9,647,1,0.8870967741935484
J48,9,663,1,0.7758620689655172
J48,9,666,1,0.7758620689655172
J48,9,681,1,0.64
J48,9,682,0,0.11695906432748537
J48,9,691,1,0.7758620689655172
J48,9,698,0,0.5877192982456141
J48,9,704,0,0.11695906432748537
J48,9,713,0,0.16666666666666666
J48,9,725,0,0.5877192982456141
J48,9,730,1,0.21052631578947367
J48,9,736,0,0.11695906432748537
J48,9,756,0,0.7758620689655172
J48,9,758,0,0.11695906432748537
J48,9,765,0,0.008620689655172414
Naive Bayes,9,11,1,0.9659152168762147
Naive Bayes,9,28,0,0.07034577519916459
Naive Bayes,9,33,0,0.037402231686005455
Naive Bayes,9,56,1,0.9970229879366171
Naive Bayes,9,74,0,0.10031913691638124
Naive Bayes,9,84,1,0.9254831900591397
Naive Bayes,9,86,0,0.680216458898428
Naive Bayes,9,90,0,0.013668962563948788
Naive Bayes,9,95,0,0.894953755573904
Naive Bayes,9,116,1,0.66683520376857
Naive Bayes,9,131,1,0.559074826431267
Naive Bayes,9,135,0,0.45128512826853845
Naive Bayes,9,140,0,0.4229648013759561
Naive Bayes,9,141,0,0.6377708129041693
Naive Bayes,9,144,0,0.8591171257046712
Naive Bayes,9,148,0,0.9350277985168055
Naive Bayes,9,150,0,0.8155696490444198
Naive Bayes,9,157,0,0.07780912341235562
Naive Bayes,9,160,0,0.8547608215651185
Naive Bayes,9,175,1,0.9853457998090721
Naive Bayes,9,177,1,0.8846224445497336
Naive Bayes,9,178,0,0.9556329773412275
Naive Bayes,9,179,1,0.8116831876770714
Naive Bayes,9,189,1,0.7562606375182307
Naive Bayes,9,235,1,0.9707202728783243
Naive Bayes,9,238,1,0.7817870397762914
Naive Bayes,9,244,0,0.9262082368483391
Naive Bayes,9,262,0,0.1954074053982066
Naive Bayes,9,291,1,0.06273120901246408
Naive Bayes,9,293,1,0.7991394752836373
Naive Bayes,9,294,0,0.8592042160154811
Naive Bayes,9,304,0,0.5295975971175567
Naive Bayes,9,318,0,0.7210219467914598
Naive Bayes,9,319,1,0.9859645591903821
Naive Bayes,9,334,0,0.0015611241132336762
Naive Bayes,9,341,0,0.008622892505669031
Naive Bayes,9,346,0,0.02500759446964966
Naive Bayes,9,354,0,0.28341785309808665
Naive Bayes,9,361,0,0.9424987499692902
Naive Bayes,9,370,1,0.9790671295448494
Naive Bayes,9,380,0,0.03055745833636003
Naive Bayes,9,401,0,0.6570296563940462
Naive Bayes,9,402,1,0.33043030487122993
Naive Bayes,9,403,0,0.13941451766443091
Naive Bayes,9,410,0,0.4179277829484996
Naive Bayes,9,412,0,0.7920185275053675
Naive Bayes,9,413,0,0.030911989699516817
Naive Bayes,9,438,0,0.003051320382779097
Naive Bayes,9,450,0,0.0003749247974338623
Naive Bayes,9,469,0,0.9697081022230108
Naive Bayes,9,481,0,0.6374913095637162
Naive Bayes,9,498,1,0.9946904107244223
Naive Bayes,9,514,0,0.0032150914329995674
Naive Bayes,9,517,0,0.8422503533989708
Naive Bayes,9,536,0,0.42619090528290465
Naive Bayes,9,557,0,0.5025771099312417
Naive Bayes,9,568,0,0.8787974468650805
Naive Bayes,9,580,1,0.8794488324769468
Naive Bayes,9,590,1,0.8670241640240082
Naive Bayes,9,618,1,0.367250813869035
Naive Bayes,9,631,0,0.04859999919510969
Naive Bayes,9,647,1,0.9830311304397371
Naive Bayes,9,663,1,0.9456708928710653
Naive Bayes,9,666,1,0.7471757742496764
Naive Bayes,9,681,1,0.9733085593644313
Naive Bayes,9,682,0,0.08048114953475208
Naive Bayes,9,691,1,0.9736636528454607
Naive Bayes,9,698,0,0.2340509345401471
Naive Bayes,9,704,0,0.010651044580602566
Naive Bayes,9,713,0,0.18915298777500147
Naive Bayes,9,725,0,0.7355697059265536
Naive Bayes,9,730,1,0.059171696601541694
Naive Bayes,9,736,0,0.1267146684003135
Naive Bayes,9,756,0,0.8044536912044469
Naive Bayes,9,758,0,0.3912655656228687
Naive Bayes,9,765,0,0.030163938543808826
Logistic Regression,9,11,1,0.7414869362264455
Logistic Regression,9,28,0,0.35902749050331373
Logistic Regression,9,33,0,0.06185048017991311
Logistic Regression,9,56,1,0.8999080716755431
Logistic Regression,9,74,0,0.08438561125925625
Logistic Regression,9,84,1,0.7347868797906004
Logistic Regression,9,86,0,0.4016927358725399
Logistic Regression,9,90,0,0.03400204507813312
Logistic Regression,9,95,0,0.6145586563173157
Logistic Regression,9,116,1,0.3948554712076729
Logistic Regression,9,131,1,0.33415999847019723
Logistic Regression,9,135,0,0.38678037456117453
Logistic Regression,9,140,0,0.3223238379923958
Logistic Regression,9,141,0,0.3670691308973591
Logistic Regression,9,144,0,0.553496062625012
Logistic Regression,9,148,0,0.7412386914004454
Logistic Regression,9,150,0,0.5461622364421039
Logistic Regression,9,157,0,0.13990432075856338
Logistic Regression,9,160,0,0.5260749756901972
Logistic Regression,9,175,1,0.7910839129715141
Logistic Regression,9,177,1,0.6870218258348091
Logistic Regression,9,178,0,0.772140354317791
Logistic Regression,9,179,1,0.5241418475279971
Logistic Regression,9,189,1,0.4473689238537526
Logistic Regression,9,235,1,0.787996481169117
Logistic Regression,9,238,1,0.5620101844667778
Logistic Regression,9,244,0,0.6465656484961283
Logistic Regression,9,262,0,0.1397694283928576
Logistic Regression,9,291,1,0.18430178929625887
Logistic Regression,9,293,1,0.5438416329382668
Logistic Regression,9,294,0,0.6454862473369463
Logistic Regression,9,304,0,0.3447338841647209
Logistic Regression,9,318,0,0.4237531317728821
Logistic Regression,9,319,1,0.8199094657721318
Logistic Regression,9,334,0,0.04687541591973107
Logistic Regression,9,341,0,0.08277379325398236
Logistic Regression,9,346,0,0.20756974273858483
Logistic Regression,9,354,0,0.2122473670782129
Logistic Regression,9,361,0,0.7371836568181266
Logistic Regression,9,370,1,0.8003381818371557
Logistic Regression,9,380,0,0.12510426688097884
Logistic Regression,9,401,0,0.43846435299518705
Logistic Regression,9,402,1,0.42297491090221634
Logistic Regression,9,403,0,0.10011302904467706
Logistic Regression,9,410,0,0.24230797652081673
Logistic Regression,9,412,0,0.6154112398959417
Logistic Regression,9,413,0,0.19785774683765506
Logistic Regression,9,438,0,0.04421026357537651
Logistic Regression,9,450,0,0.02637899774764782
Logistic Regression,9,469,0,0.8075078542173199
Logistic Regression,9,481,0,0.3667142908801841
Logistic Regression,9,498,1,0.8651907989646508
Logistic Regression,9,514,0,0.0632234694915868
Logistic Regression,9,517,0,0.5650847624503068
Logistic Regression,9,536,0,0.2548125554971435
Logistic Regression,9,557,0,0.3332503417818631
Logistic Regression,9,568,0,0.5647784614225145
Logistic Regression,9,580,1,0.6494023959713338
Logistic Regression,9,590,1,0.6158137175710927
Logistic Regression,9,618,1,0.28777835355204806
Logistic Regression,9,631,0,0.15411449519337822
Logistic Regression,9,647,1,0.7948934313090987
Logistic Regression,9,663,1,0.6966585527167971
Logistic Regression,9,666,1,0.6942212362063479
Logistic Regression,9,681,1,0.8267638660037154
Logistic Regression,9,682,0,0.2245755031501066
Logistic Regression,9,691,1,0.7984001202504316
Logistic Regression,9,698,0,0.37616478442056556
Logistic Regression,9,704,0,0.11304630072546203
Logistic Regression,9,713,0,0.2608580149409912
Logistic Regression,9,725,0,0.43644316900287294
Logistic Regression,9,730,1,0.22825468348918743
Logistic Regression,9,736,0,0.17956149734749977
Logistic Regression,9,756,0,0.4960617593885778
Logistic Regression,9,758,0,0.25586777990505866
Logistic Regression,9,765,0,0.1500862706308451
J48 reference,9,11,1,0.7530864197530864
J48 reference,9,28,0,0.16666666666666666
J48 reference,9,33,0,0.008620689655172414
J48 reference,9,56,1,0.7530864197530864
J48 reference,9,74,0,0.11695906432748537
J48 reference,9,84,1,0.7530864197530864
J48 reference,9,86,0,0.5645161290322581
J48 reference,9,90,0,0.008620689655172414
J48 reference,9,95,0,0.7530864197530864
J48 reference,9,116,1,0.5645161290322581
J48 reference,9,131,1,0.5645161290322581
J48 reference,9,135,0,0.5645161290322581
J48 reference,9,140,0,0.008620689655172414
J48 reference,9,141,0,0.5645161290322581
J48 reference,9,144,0,0.7530864197530864
J48 reference,9,148,0,0.7530864197530864
J48 reference,9,150,0,0.7530864197530864
J48 reference,9,157,0,0.008620689655172414
J48 reference,9,160,0,1.0
J48 reference,9,175,1,0.7530864197530864
J48 reference,9,177,1,0.11695906432748537
J48 reference,9,178,0,0.7530864197530864
J48 reference,9,179,1,0.5645161290322581
J48 reference,9,189,1,0.7530864197530864
J48 reference,9,235,1,0.7530864197530864
J48 reference,9,238,1,0.7530864197530864
J48 reference,9,244,0,0.7530864197530864
J48 reference,9,262,0,0.11695906432748537
J48 reference,9,291,1,0.11695906432748537
J48 reference,9,293,1,0.11695906432748537
J48 reference,9,294,0,1.0
J48 reference,9,304,0,1.0
J48 reference,9,318,0,0.5645161290322581
J48 reference,9,319,1,1.0
J48 reference,9,334,0,0.008620689655172414
J48 reference,9,341,0,0.008620689655172414
J48 reference,9,346,0,0.16666666666666666
J48 reference,9,354,0,0.11695906432748537
J48 reference,9,361,0,0.3076923076923077
J48 reference,9,370,1,0.7530864197530864
J48 reference,9,380,0,0.11695906432748537
J48 reference,9,401,0,0.16666666666666666
J48 reference,9,402,1,0.7530864197530864
J48 reference,9,403,0,0.11428571428571428
J48 reference,9,410,0,0.5645161290322581
J48 reference,9,412,0,0.7530864197530864
J48 reference,9,413,0,0.16666666666666666
J48 reference,9,438,0,0.008620689655172414
J48 reference,9,450,0,0.008620689655172414
J48 reference,9,469,0,0.7530864197530864
J48 reference,9,481,0,0.5645161290322581
J48 reference,9,498,1,1.0
J48 reference,9,514,0,0.008620689655172414
J48 reference,9,517,0,0.5645161290322581
J48 reference,9,536,0,0.5645161290322581
J48 reference,9,557,0,0.5645161290322581
J48 reference,9,568,0,0.7530864197530864
J48 reference,9,580,1,0.7530864197530864
J48 reference,9,590,1,0.5645161290322581
J48 reference,9,618,1,0.5645161290322581
J48 reference,9,631,0,0.11695906432748537
J48 reference,9,647,1,0.7530864197530864
J48 reference,9,663,1,0.7530864197530864
J48 reference,9,666,1,0.7530864197530864
J48 reference,9,681,1,0.7530864197530864
J48 reference,9,682,0,0.11695906432748537
J48 reference,9,691,1,0.7530864197530864
J48 reference,9,698,0,0.5645161290322581
J48 reference,9,704,0,0.11695906432748537
J48 reference,9,713,0,0.16666666666666666
J48 reference,9,725,0,0.5645161290322581
J48 reference,9,730,1,0.037037037037037035
J48 reference,9,736,0,0.11695906432748537
J48 reference,9,756,0,0.7530864197530864
J48 reference,9,758,0,0.11695906432748537
J48 reference,9,765,0,0.008620689655172414
J48 zeros untreated,9,11,1,0.875
J48 zeros untreated,9,28,0,0.16
J48 zeros untreated,9,33,0,0.023809523809523808
J48 zeros untreated,9,56,1,0.875
J48 zeros untreated,9,74,0,0.12269938650306748
J48 zeros untreated,9,84,1,0.7735849056603774
J48 zeros untreated,9,86,0,0.32061068702290074
J48 zeros untreated,9,90,0,0.023809523809523808
J48 zeros untreated,9,95,0,0.7735849056603774
J48 zeros untreated,9,116,1,0.32061068702290074
J48 zeros untreated,9,131,1,0.75
J48 zeros untreated,9,135,0,0.32061068702290074
J48 zeros untreated,9,140,0,0.023809523809523808
J48 zeros untreated,9,141,0,0.32061068702290074
J48 zeros untreated,9,144,0,0.0
J48 zeros untreated,9,148,0,0.7735849056603774
J48 zeros untreated,9,150,0,0.42105263157894735
J48 zeros untreated,9,157,0,0.023809523809523808
J48 zeros untreated,9,160,0,0.3333333333333333
J48 zeros untreated,9,175,1,0.875
J48 zeros untreated,9,177,1,0.12269938650306748
J48 zeros untreated,9,178,0,0.7735849056603774
J48 zeros untreated,9,179,1,0.14285714285714285
J48 zeros untreated,9,189,1,0.42105263157894735
J48 zeros untreated,9,235,1,0.875
J48 zeros untreated,9,238,1,0.7735849056603774
J48 zeros untreated,9,244,0,0.42105263157894735
J48 zeros untreated,9,262,0,0.12269938650306748
J48 zeros untreated,9,291,1,0.12269938650306748
J48 zeros untreated,9,293,1,0.12269938650306748
J48 zeros untreated,9,294,0,1.0
J48 zeros untreated,9,304,0,1.0
J48 zeros untreated,9,318,0,0.32061068702290074
J48 zeros untreated,9,319,1,1.0
J48 zeros untreated,9,334,0,0.023809523809523808
J48 zeros untreated,9,341,0,0.023809523809523808
J48 zeros untreated,9,346,0,0.16
J48 zeros untreated,9,354,0,0.12269938650306748
J48 zeros untreated,9,361,0,0.3333333333333333
J48 zeros untreated,9,370,1,0.875
J48 zeros untreated,9,380,0,0.12269938650306748
J48 zeros untreated,9,401,0,0.16
J48 zeros untreated,9,402,1,0.7735849056603774
J48 zeros untreated,9,403,0,0.32061068702290074
J48 zeros untreated,9,410,0,1.0
J48 zeros untreated,9,412,0,0.0
J48 zeros untreated,9,413,0,0.16
J48 zeros untreated,9,438,0,0.023809523809523808
J48 zeros untreated,9,450,0,0.023809523809523808
J48 zeros untreated,9,469,0,0.42105263157894735
J48 zeros untreated,9,481,0,0.32061068702290074
J48 zeros untreated,9,498,1,1.0
J48 zeros untreated,9,514,0,0.023809523809523808
J48 zeros untreated,9,517,0,0.32061068702290074
J48 zeros untreated,9,536,0,0.32061068702290074
J48 zeros untreated,9,557,0,0.32061068702290074
J48 zeros untreated,9,568,0,0.7735849056603774
J48 zeros untreated,9,580,1,0.42105263157894735
J48 zeros untreated,9,590,1,0.75
J48 zeros untreated,9,618,1,0.75
J48 zeros untreated,9,631,0,0.12269938650306748
J48 zeros untreated,9,647,1,1.0
J48 zeros untreated,9,663,1,0.7735849056603774
J48 zeros untreated,9,666,1,0.7735849056603774
J48 zeros untreated,9,681,1,1.0
J48 zeros untreated,9,682,0,0.12269938650306748
J48 zeros untreated,9,691,1,0.7735849056603774
J48 zeros untreated,9,698,0,1.0
J48 zeros untreated,9,704,0,0.12269938650306748
J48 zeros untreated,9,713,0,0.16
J48 zeros untreated,9,725,0,0.32061068702290074
J48 zeros untreated,9,730,1,0.32061068702290074
J48 zeros untreated,9,736,0,0.12269938650306748
J48 zeros untreated,9,756,0,0.7735849056603774
J48 zeros untreated,9,758,0,0.12269938650306748
J48 zeros untreated,9,765,0,0.023809523809523808
J48 unpruned,9,11,1,0.7530864197530864
J48 unpruned,9,28,0,0.16666666666666666
J48 unpruned,9,33,0,0.008620689655172414
J48 unpruned,9,56,1,0.7530864197530864
J48 unpruned,9,74,0,0.1827956989247312
J48 unpruned,9,84,1,0.7530864197530864
J48 unpruned,9,86,0,0.5645161290322581
J48 unpruned,9,90,0,0.008620689655172414
J48 unpruned,9,95,0,0.7530864197530864
J48 unpruned,9,116,1,0.5645161290322581
J48 unpruned,9,131,1,0.5645161290322581
J48 unpruned,9,135,0,0.5645161290322581
J48 unpruned,9,140,0,0.008620689655172414
J48 unpruned,9,141,0,0.5645161290322581
J48 unpruned,9,144,0,0.7530864197530864
J48 unpruned,9,148,0,0.7530864197530864
J48 unpruned,9,150,0,0.7530864197530864
J48 unpruned,9,157,0,0.008620689655172414
J48 unpruned,9,160,0,1.0
J48 unpruned,9,175,1,0.7530864197530864
J48 unpruned,9,177,1,0.1827956989247312
J48 unpruned,9,178,0,0.7530864197530864
J48 unpruned,9,179,1,0.5645161290322581
J48 unpruned,9,189,1,0.7530864197530864
J48 unpruned,9,235,1,0.7530864197530864
J48 unpruned,9,238,1,0.7530864197530864
J48 unpruned,9,244,0,0.7530864197530864
J48 unpruned,9,262,0,0.1827956989247312
J48 unpruned,9,291,1,0.1827956989247312
J48 unpruned,9,293,1,0.1827956989247312
J48 unpruned,9,294,0,1.0
J48 unpruned,9,304,0,1.0
J48 unpruned,9,318,0,0.5645161290322581
J48 unpruned,9,319,1,1.0
J48 unpruned,9,334,0,0.008620689655172414
J48 unpruned,9,341,0,0.008620689655172414
J48 unpruned,9,346,0,0.16666666666666666
J48 unpruned,9,354,0,0.1827956989247312
J48 unpruned,9,361,0,0.36363636363636365
J48 unpruned,9,370,1,0.7530864197530864
J48 unpruned,9,380,0,0.1827956989247312
J48 unpruned,9,401,0,0.16666666666666666
J48 unpruned,9,402,1,0.7530864197530864
J48 unpruned,9,403,0,0.11428571428571428
J48 unpruned,9,410,0,0.5645161290322581
J48 unpruned,9,412,0,0.7530864197530864
J48 unpruned,9,413,0,0.16666666666666666
J48 unpruned,9,438,0,0.008620689655172414
J48 unpruned,9,450,0,0.008620689655172414
J48 unpruned,9,469,0,0.7530864197530864
J48 unpruned,9,481,0,0.5645161290322581
J48 unpruned,9,498,1,1.0
J48 unpruned,9,514,0,0.008620689655172414
J48 unpruned,9,517,0,0.5645161290322581
J48 unpruned,9,536,0,0.5645161290322581
J48 unpruned,9,557,0,0.5645161290322581
J48 unpruned,9,568,0,0.7530864197530864
J48 unpruned,9,580,1,0.7530864197530864
J48 unpruned,9,590,1,0.5645161290322581
J48 unpruned,9,618,1,0.5645161290322581
J48 unpruned,9,631,0,0.1827956989247312
J48 unpruned,9,647,1,0.7530864197530864
J48 unpruned,9,663,1,0.7530864197530864
J48 unpruned,9,666,1,0.7530864197530864
J48 unpruned,9,681,1,0.7530864197530864
J48 unpruned,9,682,0,0.1827956989247312
J48 unpruned,9,691,1,0.7530864197530864
J48 unpruned,9,698,0,0.5645161290322581
J48 unpruned,9,704,0,0.03571428571428571
J48 unpruned,9,713,0,0.16666666666666666
J48 unpruned,9,725,0,0.5645161290322581
J48 unpruned,9,730,1,0.037037037037037035
J48 unpruned,9,736,0,0.0
J48 unpruned,9,756,0,0.7530864197530864
J48 unpruned,9,758,0,0.1827956989247312
J48 unpruned,9,765,0,0.008620689655172414
J48 SMOTE,9,11,1,0.8862745098039215
J48 SMOTE,9,28,0,0.08333333333333333
J48 SMOTE,9,33,0,0.041666666666666664
J48 SMOTE,9,56,1,0.8862745098039215
J48 SMOTE,9,74,0,0.15083798882681565
J48 SMOTE,9,84,1,0.8862745098039215
J48 SMOTE,9,86,0,0.6976744186046512
J48 SMOTE,9,90,0,0.041666666666666664
J48 SMOTE,9,95,0,0.8862745098039215
J48 SMOTE,9,116,1,0.6976744186046512
J48 SMOTE,9,131,1,0.6976744186046512
J48 SMOTE,9,135,0,0.8862745098039215
J48 SMOTE,9,140,0,0.08333333333333333
J48 SMOTE,9,141,0,0.6976744186046512
J48 SMOTE,9,144,0,0.1
J48 SMOTE,9,148,0,0.8862745098039215
J48 SMOTE,9,150,0,0.7666666666666667
J48 SMOTE,9,157,0,0.041666666666666664
J48 SMOTE,9,160,0,0.8928571428571429
J48 SMOTE,9,175,1,0.8862745098039215
J48 SMOTE,9,177,1,1.0
J48 SMOTE,9,178,0,0.8862745098039215
J48 SMOTE,9,179,1,0.8862745098039215
J48 SMOTE,9,189,1,0.7666666666666667
J48 SMOTE,9,235,1,0.9523809523809523
J48 SMOTE,9,238,1,0.8862745098039215
J48 SMOTE,9,244,0,0.8862745098039215
J48 SMOTE,9,262,0,0.15083798882681565
J48 SMOTE,9,291,1,0.15083798882681565
J48 SMOTE,9,293,1,0.7666666666666667
J48 SMOTE,9,294,0,0.08333333333333333
J48 SMOTE,9,304,0,0.8928571428571429
J48 SMOTE,9,318,0,0.15083798882681565
J48 SMOTE,9,319,1,0.08333333333333333
J48 SMOTE,9,334,0,0.041666666666666664
J48 SMOTE,9,341,0,0.041666666666666664
J48 SMOTE,9,346,0,0.08695652173913043
J48 SMOTE,9,354,0,0.15083798882681565
J48 SMOTE,9,361,0,0.08333333333333333
J48 SMOTE,9,370,1,0.9523809523809523
J48 SMOTE,9,380,0,0.15083798882681565
J48 SMOTE,9,401,0,0.08333333333333333
J48 SMOTE,9,402,1,0.8862745098039215
J48 SMOTE,9,403,0,0.05555555555555555
J48 SMOTE,9,410,0,0.15083798882681565
J48 SMOTE,9,412,0,0.1
J48 SMOTE,9,413,0,0.08695652173913043
J48 SMOTE,9,438,0,0.041666666666666664
J48 SMOTE,9,450,0,0.041666666666666664
J48 SMOTE,9,469,0,1.0
J48 SMOTE,9,481,0,0.15083798882681565
J48 SMOTE,9,498,1,0.08333333333333333
J48 SMOTE,9,514,0,0.041666666666666664
J48 SMOTE,9,517,0,0.8862745098039215
J48 SMOTE,9,536,0,0.6976744186046512
J48 SMOTE,9,557,0,0.6976744186046512
J48 SMOTE,9,568,0,0.8862745098039215
J48 SMOTE,9,580,1,0.0
J48 SMOTE,9,590,1,0.6976744186046512
J48 SMOTE,9,618,1,0.6976744186046512
J48 SMOTE,9,631,0,0.15083798882681565
J48 SMOTE,9,647,1,0.9523809523809523
J48 SMOTE,9,663,1,0.8862745098039215
J48 SMOTE,9,666,1,0.8862745098039215
J48 SMOTE,9,681,1,1.0
J48 SMOTE,9,682,0,0.15083798882681565
J48 SMOTE,9,691,1,0.8862745098039215
J48 SMOTE,9,698,0,0.0
J48 SMOTE,9,704,0,0.15083798882681565
J48 SMOTE,9,713,0,0.08695652173913043
J48 SMOTE,9,725,0,0.6976744186046512
J48 SMOTE,9,730,1,0.75
J48 SMOTE,9,736,0,0.08695652173913043
J48 SMOTE,9,756,0,0.8862745098039215
J48 SMOTE,9,758,0,0.15083798882681565
J48 SMOTE,9,765,0,0.041666666666666664
J48 capped,9,11,1,0.7530864197530864
J48 capped,9,28,0,0.16666666666666666
J48 capped,9,33,0,0.008620689655172414
J48 capped,9,56,1,0.7530864197530864
J48 capped,9,74,0,0.11695906432748537
J48 capped,9,84,1,0.7530864197530864
J48 capped,9,86,0,0.23529411764705882
J48 capped,9,90,0,0.008620689655172414
J48 capped,9,95,0,0.7530864197530864
J48 capped,9,116,1,0.6494845360824743
J48 capped,9,131,1,0.6494845360824743
J48 capped,9,135,0,0.23529411764705882
J48 capped,9,140,0,0.008620689655172414
J48 capped,9,141,0,0.6494845360824743
J48 capped,9,144,0,0.7530864197530864
J48 capped,9,148,0,0.7530864197530864
J48 capped,9,150,0,0.7530864197530864
J48 capped,9,157,0,0.008620689655172414
J48 capped,9,160,0,1.0
J48 capped,9,175,1,0.7530864197530864
J48 capped,9,177,1,0.11695906432748537
J48 capped,9,178,0,0.7530864197530864
J48 capped,9,179,1,0.6494845360824743
J48 capped,9,189,1,0.7530864197530864
J48 capped,9,235,1,0.7530864197530864
J48 capped,9,238,1,0.7530864197530864
J48 capped,9,244,0,0.7530864197530864
J48 capped,9,262,0,0.11695906432748537
J48 capped,9,291,1,0.11695906432748537
J48 capped,9,293,1,0.11695906432748537
J48 capped,9,294,0,1.0
J48 capped,9,304,0,1.0
J48 capped,9,318,0,0.23529411764705882
J48 capped,9,319,1,1.0
J48 capped,9,334,0,0.008620689655172414
J48 capped,9,341,0,0.008620689655172414
J48 capped,9,346,0,0.16666666666666666
J48 capped,9,354,0,0.11695906432748537
J48 capped,9,361,0,0.3076923076923077
J48 capped,9,370,1,0.7530864197530864
J48 capped,9,380,0,0.11695906432748537
J48 capped,9,401,0,0.16666666666666666
J48 capped,9,402,1,0.7530864197530864
J48 capped,9,403,0,0.1111111111111111
J48 capped,9,410,0,0.6494845360824743
J48 capped,9,412,0,0.7530864197530864
J48 capped,9,413,0,0.16666666666666666
J48 capped,9,438,0,0.008620689655172414
J48 capped,9,450,0,0.008620689655172414
J48 capped,9,469,0,0.7530864197530864
J48 capped,9,481,0,0.23529411764705882
J48 capped,9,498,1,1.0
J48 capped,9,514,0,0.008620689655172414
J48 capped,9,517,0,0.6494845360824743
J48 capped,9,536,0,0.23529411764705882
J48 capped,9,557,0,0.6494845360824743
J48 capped,9,568,0,0.7530864197530864
J48 capped,9,580,1,0.7530864197530864
J48 capped,9,590,1,0.6494845360824743
J48 capped,9,618,1,0.6494845360824743
J48 capped,9,631,0,0.11695906432748537
J48 capped,9,647,1,0.7530864197530864
J48 capped,9,663,1,0.7530864197530864
J48 capped,9,666,1,0.7530864197530864
J48 capped,9,681,1,0.7530864197530864
J48 capped,9,682,0,0.11695906432748537
J48 capped,9,691,1,0.7530864197530864
J48 capped,9,698,0,0.6494845360824743
J48 capped,9,704,0,0.11695906432748537
J48 capped,9,713,0,0.16666666666666666
J48 capped,9,725,0,0.6494845360824743
J48 capped,9,730,1,0.0
J48 capped,9,736,0,0.11695906432748537
J48 capped,9,756,0,0.7530864197530864
J48 capped,9,758,0,0.11695906432748537
J48 capped,9,765,0,0.008620689655172414
J48 five features,9,11,1,0.7530864197530864
J48 five features,9,28,0,0.16666666666666666
J48 five features,9,33,0,0.008620689655172414
J48 five features,9,56,1,0.7530864197530864
J48 five features,9,74,0,0.11695906432748537
J48 five features,9,84,1,0.7530864197530864
J48 five features,9,86,0,0.5862068965517241
J48 five features,9,90,0,0.008620689655172414
J48 five features,9,95,0,0.7530864197530864
J48 five features,9,116,1,0.5862068965517241
J48 five features,9,131,1,0.5862068965517241
J48 five features,9,135,0,0.5862068965517241
J48 five features,9,140,0,0.008620689655172414
J48 five features,9,141,0,0.5862068965517241
J48 five features,9,144,0,0.7530864197530864
J48 five features,9,148,0,0.7530864197530864
J48 five features,9,150,0,0.7530864197530864
J48 five features,9,157,0,0.008620689655172414
J48 five features,9,160,0,0.3333333333333333
J48 five features,9,175,1,0.7530864197530864
J48 five features,9,177,1,0.11695906432748537
J48 five features,9,178,0,0.7530864197530864
J48 five features,9,179,1,0.5862068965517241
J48 five features,9,189,1,0.7530864197530864
J48 five features,9,235,1,0.7530864197530864
J48 five features,9,238,1,0.7530864197530864
J48 five features,9,244,0,0.7530864197530864
J48 five features,9,262,0,0.11695906432748537
J48 five features,9,291,1,0.11695906432748537
J48 five features,9,293,1,0.11695906432748537
J48 five features,9,294,0,1.0
J48 five features,9,304,0,1.0
J48 five features,9,318,0,0.5862068965517241
J48 five features,9,319,1,1.0
J48 five features,9,334,0,0.008620689655172414
J48 five features,9,341,0,0.008620689655172414
J48 five features,9,346,0,0.16666666666666666
J48 five features,9,354,0,0.11695906432748537
J48 five features,9,361,0,0.3333333333333333
J48 five features,9,370,1,0.7530864197530864
J48 five features,9,380,0,0.11695906432748537
J48 five features,9,401,0,0.16666666666666666
J48 five features,9,402,1,0.7530864197530864
J48 five features,9,403,0,0.1111111111111111
J48 five features,9,410,0,0.5862068965517241
J48 five features,9,412,0,0.7530864197530864
J48 five features,9,413,0,0.16666666666666666
J48 five features,9,438,0,0.008620689655172414
J48 five features,9,450,0,0.008620689655172414
J48 five features,9,469,0,0.7530864197530864
J48 five features,9,481,0,0.5862068965517241
J48 five features,9,498,1,1.0
J48 five features,9,514,0,0.008620689655172414
J48 five features,9,517,0,0.5862068965517241
J48 five features,9,536,0,0.5862068965517241
J48 five features,9,557,0,0.5862068965517241
J48 five features,9,568,0,0.7530864197530864
J48 five features,9,580,1,0.7530864197530864
J48 five features,9,590,1,0.5862068965517241
J48 five features,9,618,1,0.5862068965517241
J48 five features,9,631,0,0.11695906432748537
J48 five features,9,647,1,0.7530864197530864
J48 five features,9,663,1,0.7530864197530864
J48 five features,9,666,1,0.7530864197530864
J48 five features,9,681,1,0.7530864197530864
J48 five features,9,682,0,0.11695906432748537
J48 five features,9,691,1,0.7530864197530864
J48 five features,9,698,0,0.5862068965517241
J48 five features,9,704,0,0.11695906432748537
J48 five features,9,713,0,0.16666666666666666
J48 five features,9,725,0,0.5862068965517241
J48 five features,9,730,1,0.0
J48 five features,9,736,0,0.11695906432748537
J48 five features,9,756,0,0.7530864197530864
J48 five features,9,758,0,0.11695906432748537
J48 five features,9,765,0,0.008620689655172414
J48,10,21,0,0.2413793103448276
J48,10,27,0,0.009615384615384616
J48,10,34,0,0.7523809523809524
J48,10,47,0,0.1695906432748538
J48,10,51,0,0.009615384615384616
J48,10,58,0,0.8076923076923077
J48,10,67,0,0.7523809523809524
J48,10,69,0,0.6451612903225806
J48,10,122,0,0.1695906432748538
J48,10,129,1,0.7523809523809524
J48,10,132,1,0.8076923076923077
J48,10,152,1,0.8076923076923077
J48,10,156,0,0.009615384615384616
J48,10,159,1,0.8076923076923077
J48,10,165,1,0.7523809523809524
J48,10,166,0,0.8076923076923077
J48,10,169,0,0.7523809523809524
J48,10,173,0,0.1695906432748538
J48,10,181,0,0.1695906432748538
J48,10,190,0,0.009615384615384616
J48,10,195,1,0.8076923076923077
J48,10,199,1,0.8076923076923077
J48,10,214,1,0.7523809523809524
J48,10,216,1,0.1695906432748538
J48,10,217,0,0.8076923076923077
J48,10,242,1,0.037037037037037035
J48,10,251,0,0.22727272727272727
J48,10,272,0,0.009615384615384616
J48,10,288,0,0.009615384615384616
J48,10,289,0,0.7523809523809524
J48,10,329,0,0.35
J48,10,344,0,0.2413793103448276
J48,10,363,1,0.8076923076923077
J48,10,377,0,0.1695906432748538
J48,10,381,0,0.009615384615384616
J48,10,382,0,0.009615384615384616
J48,10,400,1,0.2413793103448276
J48,10,417,1,0.8076923076923077
J48,10,428,0,0.8076923076923077
J48,10,429,1,0.2413793103448276
J48,10,430,0,0.009615384615384616
J48,10,443,1,0.7523809523809524
J48,10,447,0,0.1695906432748538
J48,10,459,0,0.22727272727272727
J48,10,464,0,0.009615384615384616
J48,10,466,0,0.1695906432748538
J48,10,535,1,0.8076923076923077
J48,10,543,0,0.1695906432748538
J48,10,545,1,0.8076923076923077
J48,10,549,0,0.6451612903225806
J48,10,556,0,0.2413793103448276
J48,10,589,0,0.009615384615384616
J48,10,594,0,0.7523809523809524
J48,10,603,1,0.8076923076923077
J48,10,604,1,0.6451612903225806
J48,10,608,0,0.8076923076923077
J48,10,613,0,0.1695906432748538
J48,10,622,0,0.8076923076923077
J48,10,625,0,0.2413793103448276
J48,10,628,0,0.8076923076923077
J48,10,636,0,0.35
J48,10,642,1,0.6451612903225806
J48,10,643,0,0.2413793103448276
J48,10,648,1,0.22727272727272727
J48,10,650,0,0.009615384615384616
J48,10,665,0,0.1695906432748538
J48,10,673,0,0.1695906432748538
J48,10,678,1,0.1695906432748538
J48,10,696,1,0.875
J48,10,709,1,0.1695906432748538
J48,10,711,0,0.22727272727272727
J48,10,723,0,0.7523809523809524
J48,10,731,1,0.1695906432748538
J48,10,742,0,0.1695906432748538
J48,10,754,1,0.8076923076923077
J48,10,760,0,0.1695906432748538
Naive Bayes,10,21,0,0.5760190056875482
Naive Bayes,10,27,0,0.055747608700404
Naive Bayes,10,34,0,0.6593959813043636
Naive Bayes,10,47,0,0.029711110475542677
Naive Bayes,10,51,0,0.021751473369617295
Naive Bayes,10,58,0,0.8581874284060422
Naive Bayes,10,67,0,0.6449026837001286
Naive Bayes,10,69,0,0.2840539079463852
Naive Bayes,10,122,0,0.0798742396765231
Naive Bayes,10,129,1,0.22184103546996847
Naive Bayes,10,132,1,0.9394269671929196
Naive Bayes,10,152,1,0.9715130526959247
Naive Bayes,10,156,0,0.01682464177855173
Naive Bayes,10,159,1,0.9943388865239594
Naive Bayes,10,165,1,0.43588761737200626
Naive Bayes,10,166,0,0.5186674289868093
Naive Bayes,10,169,0,0.06907418003444275
Naive Bayes,10,173,0,0.09947612110938428
Naive Bayes,10,181,0,0.13882365603172803
Naive Bayes,10,190,0,0.043525598925938935
Naive Bayes,10,195,1,0.9410869459876018
Naive Bayes,10,199,1,0.7374890046198543
Naive Bayes,10,214,1,0.7640044147505433
Naive Bayes,10,216,1,0.3562614011379909
Naive Bayes,10,217,0,0.23009779381792755
Naive Bayes,10,242,1,0.20729425424623088
Naive Bayes,10,251,0,0.2188119806435602
Naive Bayes,10,272,0,0.15592470477688064
Naive Bayes,10,288,0,0.0133650387244479
Naive Bayes,10,289,0,0.2149473815220457
Naive Bayes,10,329,0,0.15097664128574845
Naive Bayes,10,344,0,0.6152698493715312
Naive Bayes,10,363,1,0.8916538852112325
Naive Bayes,10,377,0,0.06098654131189481
Naive Bayes,10,381,0,0.023328378027621333
Naive Bayes,10,382,0,0.10495261867744894
Naive Bayes,10,400,1,0.1557727851974217
Naive Bayes,10,417,1,0.8036570807500837
Naive Bayes,10,428,0,0.7679966831659494
Naive Bayes,10,429,1,0.41424587130456647
Naive Bayes,10,430,0,0.028559487524200323
Naive Bayes,10,443,1,0.3628888307010941
Naive Bayes,10,447,0,0.08741882040993505
Naive Bayes,10,459,0,0.5420992481721263
Naive Bayes,10,464,0,0.3673325776184603
Naive Bayes,10,466,0,0.014073462530873796
Naive Bayes,10,535,1,0.3705001347250348
Naive Bayes,10,543,0,0.0999776476684853
Naive Bayes,10,545,1,0.9934110484487529
Naive Bayes,10,549,0,0.9509596886119813
Naive Bayes,10,556,0,0.24579325498348492
Naive Bayes,10,589,0,0.013257252229476818
Naive Bayes,10,594,0,0.6690561051000911
Naive Bayes,10,603,1,0.9135424290110596
Naive Bayes,10,604,1,0.9231328814168196
Naive Bayes,10,608,0,0.9034747483092086
Naive Bayes,10,613,0,0.2278981375555861
Naive Bayes,10,622,0,0.9903963718367128
Naive Bayes,10,625,0,0.11629637730445767
Naive Bayes,10,628,0,0.6393208478658844
Naive Bayes,10,636,0,0.2548851637735474
Naive Bayes,10,642,1,0.7623422565718582
Naive Bayes,10,643,0,0.08481613117234947
Naive Bayes,10,648,1,0.8888555756208889
Naive Bayes,10,650,0,0.015686197918852805
Naive Bayes,10,665,0,0.32625173815432895
Naive Bayes,10,673,0,0.8071356037258498
Naive Bayes,10,678,1,0.34646200724950504
Naive Bayes,10,696,1,0.7905027827657264
Naive Bayes,10,709,1,0.2879016709330102
Naive Bayes,10,711,0,0.24770904060135743
Naive Bayes,10,723,0,0.43627029845560833
Naive Bayes,10,731,1,0.28253824133231425
Naive Bayes,10,742,0,0.04211928726850609
Naive Bayes,10,754,1,0.9073407934094081
Naive Bayes,10,760,0,0.021838099266973266
Logistic Regression,10,21,0,0.3220861075113551
Logistic Regression,10,27,0,0.047258207350753235
Logistic Regression,10,34,0,0.4041619184374315
Logistic Regression,10,47,0,0.04063584301198896
Logistic Regression,10,51,0,0.06843130180548788
Logistic Regression,10,58,0,0.8616130416177527
Logistic Regression,10,67,0,0.543112060528609
Logistic Regression,10,69,0,0.34053065468442495
Logistic Regression,10,122,0,0.16837566839635845
Logistic Regression,10,129,1,0.19407308755426125
Logistic Regression,10,132,1,0.6596801171999673
Logistic Regression,10,152,1,0.8637218955000708
Logistic Regression,10,156,0,0.07190690559965782
Logistic Regression,10,159,1,0.9619021192024828
Logistic Regression,10,165,1,0.23963903774912268
Logistic Regression,10,166,0,0.38734497441852456
Logistic Regression,10,169,0,0.15407076094946257
Logistic Regression,10,173,0,0.1988124732359943
Logistic Regression,10,181,0,0.26135534582461856
Logistic Regression,10,190,0,0.06547786171850829
Logistic Regression,10,195,1,0.7259052146072669
Logistic Regression,10,199,1,0.33717676648905553
Logistic Regression,10,214,1,0.3348861370967791
Logistic Regression,10,216,1,0.2945405268620253
Logistic Regression,10,217,0,0.3232515883451563
Logistic Regression,10,242,1,0.2329963731196667
Logistic Regression,10,251,0,0.19496011519667458
Logistic Regression,10,272,0,0.13872454020254957
Logistic Regression,10,288,0,0.04943217195472831
Logistic Regression,10,289,0,0.28101995031078897
Logistic Regression,10,329,0,0.1746482530595843
Logistic Regression,10,344,0,0.3610497711123491
Logistic Regression,10,363,1,0.7481662712088983
Logistic Regression,10,377,0,0.12845810035789734
Logistic Regression,10,381,0,0.03546945493602155
Logistic Regression,10,382,0,0.11410893443347217
Logistic Regression,10,400,1,0.10746306474604848
Logistic Regression,10,417,1,0.6521930662862002
Logistic Regression,10,428,0,0.44161981646328086
Logistic Regression,10,429,1,0.12481343007885679
Logistic Regression,10,430,0,0.03984817259405115
Logistic Regression,10,443,1,0.3645125916132041
Logistic Regression,10,447,0,0.13489840525664154
Logistic Regression,10,459,0,0.5822346010665084
Logistic Regression,10,464,0,0.3652386946246374
Logistic Regression,10,466,0,0.02499653181718286
Logistic Regression,10,535,1,0.31808493283288447
Logistic Regression,10,543,0,0.1333956526743146
Logistic Regression,10,545,1,0.8689849634423171
Logistic Regression,10,549,0,0.8097512234511165
Logistic Regression,10,556,0,0.15535670405133853
Logistic Regression,10,589,0,0.016761809280033405
Logistic Regression,10,594,0,0.45452946058976273
Logistic Regression,10,603,1,0.7712802830862103
Logistic Regression,10,604,1,0.6605458606120203
Logistic Regression,10,608,0,0.5565460539037707
Logistic Regression,10,613,0,0.29766113341772993
Logistic Regression,10,622,0,0.9672968438164006
Logistic Regression,10,625,0,0.199436966190616
Logistic Regression,10,628,0,0.3846632560954537
Logistic Regression,10,636,0,0.15115485885293184
Logistic Regression,10,642,1,0.48489721571118294
Logistic Regression,10,643,0,0.10432704486869847
Logistic Regression,10,648,1,0.4915934634484979
Logistic Regression,10,650,0,0.03943693523379347
Logistic Regression,10,665,0,0.17939003167222006
Logistic Regression,10,673,0,0.8158574382516056
Logistic Regression,10,678,1,0.24117031319122575
Logistic Regression,10,696,1,0.535949931303783
Logistic Regression,10,709,1,0.1871617829054893
Logistic Regression,10,711,0,0.34175419333943097
Logistic Regression,10,723,0,0.4128886687224508
Logistic Regression,10,731,1,0.23238683369577223
Logistic Regression,10,742,0,0.08360281793352721
Logistic Regression,10,754,1,0.6973281677895197
Logistic Regression,10,760,0,0.09158757556037798
J48 reference,10,21,0,1.0
J48 reference,10,27,0,0.009615384615384616
J48 reference,10,34,0,1.0
J48 reference,10,47,0,0.10126582278481013
J48 reference,10,51,0,0.009615384615384616
J48 reference,10,58,0,0.9473684210526315
J48 reference,10,67,0,0.175
J48 reference,10,69,0,0.41025641025641024
J48 reference,10,122,0,0.10126582278481013
J48 reference,10,129,1,0.0
J48 reference,10,132,1,0.8735632183908046
J48 reference,10,152,1,0.9473684210526315
J48 reference,10,156,0,0.009615384615384616
J48 reference,10,159,1,0.8735632183908046
J48 reference,10,165,1,0.175
J48 reference,10,166,0,0.2
J48 reference,10,169,0,0.175
J48 reference,10,173,0,0.10126582278481013
J48 reference,10,181,0,0.10126582278481013
J48 reference,10,190,0,0.009615384615384616
J48 reference,10,195,1,0.8735632183908046
J48 reference,10,199,1,0.6052631578947368
J48 reference,10,214,1,1.0
J48 reference,10,216,1,0.10126582278481013
J48 reference,10,217,0,0.6052631578947368
J48 reference,10,242,1,0.037037037037037035
J48 reference,10,251,0,0.41025641025641024
J48 reference,10,272,0,0.009615384615384616
J48 reference,10,288,0,0.009615384615384616
J48 reference,10,289,0,0.175
J48 reference,10,329,0,0.175
J48 reference,10,344,0,0.0
J48 reference,10,363,1,0.6052631578947368
J48 reference,10,377,0,0.10126582278481013
J48 reference,10,381,0,0.009615384615384616
J48 reference,10,382,0,0.009615384615384616
J48 reference,10,400,1,0.175
J48 reference,10,417,1,0.6052631578947368
J48 reference,10,428,0,0.6052631578947368
J48 reference,10,429,1,0.175
J48 reference,10,430,0,0.009615384615384616
J48 reference,10,443,1,0.9166666666666666
J48 reference,10,447,0,0.10126582278481013
J48 reference,10,459,0,0.0
J48 reference,10,464,0,0.009615384615384616
J48 reference,10,466,0,0.10126582278481013
J48 reference,10,535,1,0.0
J48 reference,10,543,0,0.10126582278481013
J48 reference,10,545,1,0.8735632183908046
J48 reference,10,549,0,1.0
J48 reference,10,556,0,0.175
J48 reference,10,589,0,0.009615384615384616
J48 reference,10,594,0,1.0
J48 reference,10,603,1,0.0
J48 reference,10,604,1,1.0
J48 reference,10,608,0,0.6052631578947368
J48 reference,10,613,0,0.10126582278481013
J48 reference,10,622,0,0.8735632183908046
J48 reference,10,625,0,0.175
J48 reference,10,628,0,0.6052631578947368
J48 reference,10,636,0,0.175
J48 reference,10,642,1,0.41025641025641024
J48 reference,10,643,0,0.175
J48 reference,10,648,1,0.41025641025641024
J48 reference,10,650,0,0.009615384615384616
J48 reference,10,665,0,0.10126582278481013
J48 reference,10,673,0,0.10126582278481013
J48 reference,10,678,1,0.10126582278481013
J48 reference,10,696,1,1.0
J48 reference,10,709,1,0.10126582278481013
J48 reference,10,711,0,0.41025641025641024
J48 reference,10,723,0,0.0
J48 reference,10,731,1,0.10126582278481013
J48 reference,10,742,0,0.10126582278481013
J48 reference,10,754,1,0.6052631578947368
J48 reference,10,760,0,0.10126582278481013
J48 zeros untreated,10,21,0,0.07692307692307693
J48 zeros untreated,10,27,0,0.07488986784140969
J48 zeros untreated,10,34,0,0.6666666666666666
J48 zeros untreated,10,47,0,0.07488986784140969
J48 zeros untreated,10,51,0,0.07488986784140969
J48 zeros untreated,10,58,0,0.9473684210526315
J48 zeros untreated,10,67,0,0.4
J48 zeros untreated,10,69,0,0.425
J48 zeros untreated,10,122,0,0.07488986784140969
J48 zeros untreated,10,129,1,0.0
J48 zeros untreated,10,132,1,0.8735632183908046
J48 zeros untreated,10,152,1,0.9473684210526315
J48 zeros untreated,10,156,0,0.07488986784140969
J48 zeros untreated,10,159,1,0.8735632183908046
J48 zeros untreated,10,165,1,0.4
J48 zeros untreated,10,166,0,0.2
J48 zeros untreated,10,169,0,0.4
J48 zeros untreated,10,173,0,0.07488986784140969
J48 zeros untreated,10,181,0,0.07488986784140969
J48 zeros untreated,10,190,0,0.07488986784140969
J48 zeros untreated,10,195,1,0.8735632183908046
J48 zeros untreated,10,199,1,0.6081081081081081
J48 zeros untreated,10,214,1,0.6666666666666666
J48 zeros untreated,10,216,1,0.07488986784140969
J48 zeros untreated,10,217,0,0.6081081081081081
J48 zeros untreated,10,242,1,0.037037037037037035
J48 zeros untreated,10,251,0,0.425
J48 zeros untreated,10,272,0,0.027777777777777776
J48 zeros untreated,10,288,0,0.07488986784140969
J48 zeros untreated,10,289,0,0.4
J48 zeros untreated,10,329,0,0.4
J48 zeros untreated,10,344,0,0.07692307692307693
J48 zeros untreated,10,363,1,0.6081081081081081
J48 zeros untreated,10,377,0,0.07488986784140969
J48 zeros untreated,10,381,0,0.07488986784140969
J48 zeros untreated,10,382,0,0.07488986784140969
J48 zeros untreated,10,400,1,0.0
J48 zeros untreated,10,417,1,0.6081081081081081
J48 zeros untreated,10,428,0,0.6081081081081081
J48 zeros untreated,10,429,1,0.0
J48 zeros untreated,10,430,0,0.07488986784140969
J48 zeros untreated,10,443,1,1.0
J48 zeros untreated,10,447,0,0.07488986784140969
J48 zeros untreated,10,459,0,0.0
J48 zeros untreated,10,464,0,0.027777777777777776
J48 zeros untreated,10,466,0,0.07488986784140969
J48 zeros untreated,10,535,1,0.0
J48 zeros untreated,10,543,0,0.07488986784140969
J48 zeros untreated,10,545,1,0.8735632183908046
J48 zeros untreated,10,549,0,1.0
J48 zeros untreated,10,556,0,0.0
J48 zeros untreated,10,589,0,0.07488986784140969
J48 zeros untreated,10,594,0,1.0
J48 zeros untreated,10,603,1,0.0
J48 zeros untreated,10,604,1,1.0
J48 zeros untreated,10,608,0,0.6081081081081081
J48 zeros untreated,10,613,0,0.07488986784140969
J48 zeros untreated,10,622,0,0.8735632183908046
J48 zeros untreated,10,625,0,0.0
J48 zeros untreated,10,628,0,0.6081081081081081
J48 zeros untreated,10,636,0,0.4
J48 zeros untreated,10,642,1,0.425
J48 zeros untreated,10,643,0,0.0
J48 zeros untreated,10,648,1,0.425
J48 zeros untreated,10,650,0,0.07488986784140969
J48 zeros untreated,10,665,0,0.07488986784140969
J48 zeros untreated,10,673,0,0.07488986784140969
J48 zeros untreated,10,678,1,0.07488986784140969
J48 zeros untreated,10,696,1,1.0
J48 zeros untreated,10,709,1,0.07488986784140969
J48 zeros untreated,10,711,0,0.425
J48 zeros untreated,10,723,0,0.4
J48 zeros untreated,10,731,1,0.07488986784140969
J48 zeros untreated,10,742,0,0.07488986784140969
J48 zeros untreated,10,754,1,0.6081081081081081
J48 zeros untreated,10,760,0,0.07488986784140969
J48 unpruned,10,21,0,1.0
J48 unpruned,10,27,0,0.009615384615384616
J48 unpruned,10,34,0,1.0
J48 unpruned,10,47,0,0.10126582278481013
J48 unpruned,10,51,0,0.009615384615384616
J48 unpruned,10,58,0,0.9473684210526315
J48 unpruned,10,67,0,0.0
J48 unpruned,10,69,0,0.41025641025641024
J48 unpruned,10,122,0,0.10126582278481013
J48 unpruned,10,129,1,0.0
J48 unpruned,10,132,1,0.8735632183908046
J48 unpruned,10,152,1,0.9473684210526315
J48 unpruned,10,156,0,0.009615384615384616
J48 unpruned,10,159,1,0.8735632183908046
J48 unpruned,10,165,1,0.6666666666666666
J48 unpruned,10,166,0,0.2
J48 unpruned,10,169,0,0.0
J48 unpruned,10,173,0,0.10126582278481013
J48 unpruned,10,181,0,0.10126582278481013
J48 unpruned,10,190,0,0.009615384615384616
J48 unpruned,10,195,1,0.8735632183908046
J48 unpruned,10,199,1,0.6052631578947368
J48 unpruned,10,214,1,1.0
J48 unpruned,10,216,1,0.10126582278481013
J48 unpruned,10,217,0,0.6052631578947368
J48 unpruned,10,242,1,0.037037037037037035
J48 unpruned,10,251,0,0.41025641025641024
J48 unpruned,10,272,0,0.009615384615384616
J48 unpruned,10,288,0,0.009615384615384616
J48 unpruned,10,289,0,0.0
J48 unpruned,10,329,0,0.0
J48 unpruned,10,344,0,0.0
J48 unpruned,10,363,1,0.6052631578947368
J48 unpruned,10,377,0,0.10126582278481013
J48 unpruned,10,381,0,0.009615384615384616
J48 unpruned,10,382,0,0.009615384615384616
J48 unpruned,10,400,1,0.0
J48 unpruned,10,417,1,0.6052631578947368
J48 unpruned,10,428,0,0.6052631578947368
J48 unpruned,10,429,1,0.8
J48 unpruned,10,430,0,0.009615384615384616
J48 unpruned,10,443,1,1.0
J48 unpruned,10,447,0,0.10126582278481013
J48 unpruned,10,459,0,0.0
J48 unpruned,10,464,0,0.009615384615384616
J48 unpruned,10,466,0,0.10126582278481013
J48 unpruned,10,535,1,0.0
J48 unpruned,10,543,0,0.10126582278481013
J48 unpruned,10,545,1,0.8735632183908046
J48 unpruned,10,549,0,1.0
J48 unpruned,10,556,0,0.0
J48 unpruned,10,589,0,0.009615384615384616
J48 unpruned,10,594,0,1.0
J48 unpruned,10,603,1,0.0
J48 unpruned,10,604,1,1.0
J48 unpruned,10,608,0,0.6052631578947368
J48 unpruned,10,613,0,0.10126582278481013
J48 unpruned,10,622,0,0.8735632183908046
J48 unpruned,10,625,0,0.0
J48 unpruned,10,628,0,0.6052631578947368
J48 unpruned,10,636,0,0.125
J48 unpruned,10,642,1,0.41025641025641024
J48 unpruned,10,643,0,0.0
J48 unpruned,10,648,1,0.41025641025641024
J48 unpruned,10,650,0,0.009615384615384616
J48 unpruned,10,665,0,0.10126582278481013
J48 unpruned,10,673,0,0.10126582278481013
J48 unpruned,10,678,1,0.10126582278481013
J48 unpruned,10,696,1,1.0
J48 unpruned,10,709,1,0.10126582278481013
J48 unpruned,10,711,0,0.41025641025641024
J48 unpruned,10,723,0,0.0
J48 unpruned,10,731,1,0.10126582278481013
J48 unpruned,10,742,0,0.10126582278481013
J48 unpruned,10,754,1,0.6052631578947368
J48 unpruned,10,760,0,0.10126582278481013
J48 SMOTE,10,21,0,0.07692307692307693
J48 SMOTE,10,27,0,0.009615384615384616
J48 SMOTE,10,34,0,0.75
J48 SMOTE,10,47,0,0.0
J48 SMOTE,10,51,0,0.009615384615384616
J48 SMOTE,10,58,0,0.972972972972973
J48 SMOTE,10,67,0,1.0
J48 SMOTE,10,69,0,0.0
J48 SMOTE,10,122,0,0.7407407407407407
J48 SMOTE,10,129,1,1.0
J48 SMOTE,10,132,1,0.9214285714285714
J48 SMOTE,10,152,1,0.972972972972973
J48 SMOTE,10,156,0,0.009615384615384616
J48 SMOTE,10,159,1,0.9214285714285714
J48 SMOTE,10,165,1,0.8571428571428571
J48 SMOTE,10,166,0,0.16666666666666666
J48 SMOTE,10,169,0,0.0
J48 SMOTE,10,173,0,0.029411764705882353
J48 SMOTE,10,181,0,0.07692307692307693
J48 SMOTE,10,190,0,0.009615384615384616
J48 SMOTE,10,195,1,0.9214285714285714
J48 SMOTE,10,199,1,0.5833333333333334
J48 SMOTE,10,214,1,0.75
J48 SMOTE,10,216,1,0.1
J48 SMOTE,10,217,0,0.5833333333333334
J48 SMOTE,10,242,1,0.037037037037037035
J48 SMOTE,10,251,0,1.0
J48 SMOTE,10,272,0,0.009615384615384616
J48 SMOTE,10,288,0,0.009615384615384616
J48 SMOTE,10,289,0,0.0
J48 SMOTE,10,329,0,0.0
J48 SMOTE,10,344,0,0.07692307692307693
J48 SMOTE,10,363,1,0.25
J48 SMOTE,10,377,0,0.029411764705882353
J48 SMOTE,10,381,0,0.009615384615384616
J48 SMOTE,10,382,0,0.009615384615384616
J48 SMOTE,10,400,1,0.07692307692307693
J48 SMOTE,10,417,1,0.0
J48 SMOTE,10,428,0,1.0
J48 SMOTE,10,429,1,0.07692307692307693
J48 SMOTE,10,430,0,0.009615384615384616
J48 SMOTE,10,443,1,1.0
J48 SMOTE,10,447,0,1.0
J48 SMOTE,10,459,0,0.08333333333333333
J48 SMOTE,10,464,0,0.009615384615384616
J48 SMOTE,10,466,0,0.0
J48 SMOTE,10,535,1,0.16666666666666666
J48 SMOTE,10,543,0,0.029411764705882353
J48 SMOTE,10,545,1,0.9214285714285714
J48 SMOTE,10,549,0,1.0
J48 SMOTE,10,556,0,0.07692307692307693
J48 SMOTE,10,589,0,0.009615384615384616
J48 SMOTE,10,594,0,0.8571428571428571
J48 SMOTE,10,603,1,0.8780487804878049
J48 SMOTE,10,604,1,1.0
J48 SMOTE,10,608,0,1.0
J48 SMOTE,10,613,0,0.07692307692307693
J48 SMOTE,10,622,0,0.9214285714285714
J48 SMOTE,10,625,0,0.0
J48 SMOTE,10,628,0,0.8780487804878049
J48 SMOTE,10,636,0,0.6666666666666666
J48 SMOTE,10,642,1,0.0
J48 SMOTE,10,643,0,0.07692307692307693
J48 SMOTE,10,648,1,0.14285714285714285
J48 SMOTE,10,650,0,0.009615384615384616
J48 SMOTE,10,665,0,0.0
J48 SMOTE,10,673,0,0.0
J48 SMOTE,10,678,1,0.7407407407407407
J48 SMOTE,10,696,1,1.0
J48 SMOTE,10,709,1,0.0
J48 SMOTE,10,711,0,1.0
J48 SMOTE,10,723,0,0.75
J48 SMOTE,10,731,1,0.0
J48 SMOTE,10,742,0,0.0
J48 SMOTE,10,754,1,0.8780487804878049
J48 SMOTE,10,760,0,0.0
J48 capped,10,21,0,0.05263157894736842
J48 capped,10,27,0,0.009615384615384616
J48 capped,10,34,0,0.6842105263157895
J48 capped,10,47,0,0.10126582278481013
J48 capped,10,51,0,0.009615384615384616
J48 capped,10,58,0,0.9473684210526315
J48 capped,10,67,0,0.0
J48 capped,10,69,0,1.0
J48 capped,10,122,0,0.10126582278481013
J48 capped,10,129,1,0.0
J48 capped,10,132,1,0.8735632183908046
J48 capped,10,152,1,0.9473684210526315
J48 capped,10,156,0,0.009615384615384616
J48 capped,10,159,1,0.8735632183908046
J48 capped,10,165,1,0.7058823529411765
J48 capped,10,166,0,0.3076923076923077
J48 capped,10,169,0,1.0
J48 capped,10,173,0,0.10126582278481013
J48 capped,10,181,0,0.10126582278481013
J48 capped,10,190,0,0.009615384615384616
J48 capped,10,195,1,0.8735632183908046
J48 capped,10,199,1,0.6052631578947368
J48 capped,10,214,1,0.7058823529411765
J48 capped,10,216,1,0.10126582278481013
J48 capped,10,217,0,0.6052631578947368
J48 capped,10,242,1,0.037037037037037035
J48 capped,10,251,0,0.34375
J48 capped,10,272,0,0.009615384615384616
J48 capped,10,288,0,0.009615384615384616
J48 capped,10,289,0,0.0
J48 capped,10,329,0,0.0
J48 capped,10,344,0,0.05263157894736842
J48 capped,10,363,1,0.6052631578947368
J48 capped,10,377,0,0.10126582278481013
J48 capped,10,381,0,0.009615384615384616
J48 capped,10,382,0,0.009615384615384616
J48 capped,10,400,1,0.05263157894736842
J48 capped,10,417,1,0.6052631578947368
J48 capped,10,428,0,0.6052631578947368
J48 capped,10,429,1,0.05263157894736842
J48 capped,10,430,0,0.009615384615384616
J48 capped,10,443,1,0.6842105263157895
J48 capped,10,447,0,0.10126582278481013
J48 capped,10,459,0,0.0
J48 capped,10,464,0,0.009615384615384616
J48 capped,10,466,0,0.10126582278481013
J48 capped,10,535,1,0.3076923076923077
J48 capped,10,543,0,0.10126582278481013
J48 capped,10,545,1,0.8735632183908046
J48 capped,10,549,0,1.0
J48 capped,10,556,0,0.05263157894736842
J48 capped,10,589,0,0.009615384615384616
J48 capped,10,594,0,0.7058823529411765
J48 capped,10,603,1,0.0
J48 capped,10,604,1,1.0
J48 capped,10,608,0,0.6052631578947368
J48 capped,10,613,0,0.10126582278481013
J48 capped,10,622,0,0.8735632183908046
J48 capped,10,625,0,0.05263157894736842
J48 capped,10,628,0,0.6052631578947368
J48 capped,10,636,0,0.6842105263157895
J48 capped,10,642,1,0.34375
J48 capped,10,643,0,0.05263157894736842
J48 capped,10,648,1,0.34375
J48 capped,10,650,0,0.009615384615384616
J48 capped,10,665,0,0.10126582278481013
J48 capped,10,673,0,0.10126582278481013
J48 capped,10,678,1,0.10126582278481013
J48 capped,10,696,1,1.0
J48 capped,10,709,1,0.10126582278481013
J48 capped,10,711,0,1.0
J48 capped,10,723,0,0.0
J48 capped,10,731,1,0.10126582278481013
J48 capped,10,742,0,0.10126582278481013
J48 capped,10,754,1,0.6052631578947368
J48 capped,10,760,0,0.10126582278481013
J48 five features,10,21,0,0.0
J48 five features,10,27,0,0.009615384615384616
J48 five features,10,34,0,0.5595238095238095
J48 five features,10,47,0,0.10126582278481013
J48 five features,10,51,0,0.009615384615384616
J48 five features,10,58,0,0.64
J48 five features,10,67,0,0.5595238095238095
J48 five features,10,69,0,0.41025641025641024
J48 five features,10,122,0,0.10126582278481013
J48 five features,10,129,1,0.0
J48 five features,10,132,1,0.8735632183908046
J48 five features,10,152,1,0.64
J48 five features,10,156,0,0.009615384615384616
J48 five features,10,159,1,0.8735632183908046
J48 five features,10,165,1,0.5595238095238095
J48 five features,10,166,0,0.3076923076923077
J48 five features,10,169,0,0.5595238095238095
J48 five features,10,173,0,0.10126582278481013
J48 five features,10,181,0,0.10126582278481013
J48 five features,10,190,0,0.009615384615384616
J48 five features,10,195,1,0.8735632183908046
J48 five features,10,199,1,0.64
J48 five features,10,214,1,0.5595238095238095
J48 five features,10,216,1,0.10126582278481013
J48 five features,10,217,0,0.64
J48 five features,10,242,1,0.037037037037037035
J48 five features,10,251,0,0.41025641025641024
J48 five features,10,272,0,0.009615384615384616
J48 five features,10,288,0,0.009615384615384616
J48 five features,10,289,0,0.5595238095238095
J48 five features,10,329,0,0.5595238095238095
J48 five features,10,344,0,0.6666666666666666
J48 five features,10,363,1,0.64
J48 five features,10,377,0,0.10126582278481013
J48 five features,10,381,0,0.009615384615384616
J48 five features,10,382,0,0.009615384615384616
J48 five features,10,400,1,0.05555555555555555
J48 five features,10,417,1,0.64
J48 five features,10,428,0,0.64
J48 five features,10,429,1,0.05555555555555555
J48 five features,10,430,0,0.009615384615384616
J48 five features,10,443,1,0.5595238095238095
J48 five features,10,447,0,0.10126582278481013
J48 five features,10,459,0,0.0
J48 five features,10,464,0,0.009615384615384616
J48 five features,10,466,0,0.10126582278481013
J48 five features,10,535,1,0.3076923076923077
J48 five features,10,543,0,0.10126582278481013
J48 five features,10,545,1,0.8735632183908046
J48 five features,10,549,0,1.0
J48 five features,10,556,0,0.05555555555555555
J48 five features,10,589,0,0.009615384615384616
J48 five features,10,594,0,0.5595238095238095
J48 five features,10,603,1,0.64
J48 five features,10,604,1,1.0
J48 five features,10,608,0,0.64
J48 five features,10,613,0,0.10126582278481013
J48 five features,10,622,0,0.8735632183908046
J48 five features,10,625,0,0.05555555555555555
J48 five features,10,628,0,0.64
J48 five features,10,636,0,0.5595238095238095
J48 five features,10,642,1,0.41025641025641024
J48 five features,10,643,0,0.05555555555555555
J48 five features,10,648,1,0.41025641025641024
J48 five features,10,650,0,0.009615384615384616
J48 five features,10,665,0,0.10126582278481013
J48 five features,10,673,0,0.10126582278481013
J48 five features,10,678,1,0.10126582278481013
J48 five features,10,696,1,1.0
J48 five features,10,709,1,0.10126582278481013
J48 five features,10,711,0,0.41025641025641024
J48 five features,10,723,0,0.5595238095238095
J48 five features,10,731,1,0.10126582278481013
J48 five features,10,742,0,0.10126582278481013
J48 five features,10,754,1,0.64
J48 five features,10,760,0,0.10126582278481013
